-- phpMyAdmin SQL Dump
-- version 5.2.1
-- https://www.phpmyadmin.net/
--
-- Host: localhost:3306
-- Generation Time: Nov 21, 2024 at 06:45 PM
-- Server version: 8.0.30
-- PHP Version: 8.1.10

SET SQL_MODE = "NO_AUTO_VALUE_ON_ZERO";
START TRANSACTION;
SET time_zone = "+00:00";


/*!40101 SET @OLD_CHARACTER_SET_CLIENT=@@CHARACTER_SET_CLIENT */;
/*!40101 SET @OLD_CHARACTER_SET_RESULTS=@@CHARACTER_SET_RESULTS */;
/*!40101 SET @OLD_COLLATION_CONNECTION=@@COLLATION_CONNECTION */;
/*!40101 SET NAMES utf8mb4 */;

--
-- Database: `duanfigma`
--

-- --------------------------------------------------------

--
-- Table structure for table `binh_luan`
--

CREATE TABLE `binh_luan` (
  `id_binhluan` int NOT NULL,
  `ma_sp` int NOT NULL,
  `ma_taikhoan` int NOT NULL,
  `noidung` text NOT NULL,
  `ngay_bl` varchar(30) NOT NULL
) ENGINE=InnoDB DEFAULT CHARSET=utf8mb4 COLLATE=utf8mb4_0900_ai_ci;

-- --------------------------------------------------------

--
-- Table structure for table `danhmuc`
--

CREATE TABLE `danhmuc` (
  `ma_danhmuc` int NOT NULL,
  `ten_danhmuc` varchar(255) NOT NULL,
  `anh_danhmuc` varchar(255) NOT NULL
) ENGINE=InnoDB DEFAULT CHARSET=utf8mb4 COLLATE=utf8mb4_0900_ai_ci;

--
-- Dumping data for table `danhmuc`
--

INSERT INTO `danhmuc` (`ma_danhmuc`, `ten_danhmuc`, `anh_danhmuc`) VALUES
(7, 'Điện thoại ', './Uploads/mobile-phone-icon-vector-png-icon-dien-thoai-di-do-11563161415xqsh3ya2pe.png'),
(8, 'Laptop', './Uploads/pngtree-laptop-icon-isolated-png-image_1727845.jpg'),
(9, 'Phụ kiện', './Uploadspng-clipart-headphones-computer-icons-animated-film-headphones-electronics-smiley.png'),
(10, 'Tivi', './Uploadspngtree-a-tv-png-image_4491168.jpg'),
(11, 'Tủ lạnh', './Uploadsfridge__refrigerator__freezer__electronics__appliances-512.webp'),
(12, 'Điều hòa', './Uploadspng-transparent-computer-icons-air-conditioning-symbol-air-conditioner-miscellaneous-angle-text.png'),
(13, 'Máy tính bảng', './UploadsAsset 2.png'),
(14, 'Đồng hồ', './Uploadskisspng-vector-graphics-computer-icons-illustration-portab-classic-wristwatch-svg-png-icon-free-download-65-5cfb84a8c71f68.2897903215599873688156.jpg'),
(15, 'Máy lọc nước', './Uploads/icon-may-loc-nuoc.jpg');

-- --------------------------------------------------------

--
-- Table structure for table `danhmuc_con`
--

CREATE TABLE `danhmuc_con` (
  `id_danhmuc_con` int NOT NULL,
  `ten_danhmuc_con` varchar(255) NOT NULL,
  `anh_danhmuc_con` varchar(255) DEFAULT NULL,
  `ma_danhmuc_me` int NOT NULL
) ENGINE=InnoDB DEFAULT CHARSET=utf8mb4 COLLATE=utf8mb4_0900_ai_ci;

--
-- Dumping data for table `danhmuc_con`
--

INSERT INTO `danhmuc_con` (`id_danhmuc_con`, `ten_danhmuc_con`, `anh_danhmuc_con`, `ma_danhmuc_me`) VALUES
(5, 'Samsung', './Uploadssamsung_icon_menu_80d224e1c9.png', 7),
(6, 'Oppo', './Uploads/oppo-logo-png-img-oppo-logo-in-svg-vector-or-png-file-format-logo-wine-3000x2000.png', 7),
(7, 'Xiaomi', './Uploadslogo-xiaomi-1536.png', 7),
(8, 'Realme', './Uploadsrealme-transparent-free-png.png', 7),
(9, 'Dell', './UploadsDell_logo_2016.svg.png', 8),
(10, 'Asus', './UploadsAsus-Logo.png', 8),
(11, 'Macbook', './Uploadsapple-logo-transparent.png', 8),
(13, 'Acer', './Uploadsacer-logo-transparent-free-png.webp', 8),
(15, 'Hp', './UploadsHewlett-Packard-Logo-2008-2014.png', 8),
(16, 'Phụ kiện di động', '', 9),
(17, 'Phụ kiện laptop', '', 9),
(18, 'Âm thanh hình ảnh', '', 9),
(19, 'Thiết bị lưu trữ dữ liệu', './Uploads/2.jpg', 9),
(20, 'Belkin', './Uploads175_logo_Belkin_634a570cdc.png', 9),
(21, 'Tomtoc', './Uploadslogo-tomtoc@2x.png', 9),
(22, 'Sony', './UploadsSony-Logo.png', 10),
(23, 'Samsung', './UploadsSamsung-Smart-TV-vector-logo.png', 10),
(24, 'TCL', './Uploadslogo-1.png', 10),
(25, 'LG', './Uploadslg-transparent-logo-free-png.webp', 10),
(26, 'Google TV', './Uploadsgoogle-tv9502.jpg', 10),
(27, 'Toshiba', './UploadsToshiba-logo.png', 11),
(28, 'Hisense', './Uploadsth (1).jpg', 11),
(29, 'Tủ lạnh Interver', '', 11),
(30, 'Tủ lạnh Sharp', './UploadsSHARP_Logo.jpg', 11),
(31, 'Casper', './Uploadslogo-casper.png', 12),
(32, 'Daikin', './Uploadspng-transparent-daikin-hd-logo.png', 12),
(34, 'Midea', './UploadsMidea-logo.gif', 12),
(35, 'Điều hòa - máy lạnh 1 chiều', '', 12),
(36, 'Điều hòa - máy lạnh 2 chiều', '', 12),
(37, 'Ipad', './Uploadsapple-logo-transparent.png', 13),
(38, 'TCL', './Uploads/logo-1.png', 13),
(39, 'Honor', './UploadsHonor-Logo-2018-present.jpg', 13),
(40, 'Huawei', './UploadsHuawei-Logo-2006-2018.png', 13),
(41, 'Đồng hồ trẻ em', './UploadsDong_ho_tre_em_b72e281c29.png', 14),
(42, 'Đồng hồ thể thao', './UploadsDong_ho_the_thao_chuyen_nghiep_a801cd5f2d.png', 14),
(43, 'Đồng hồ đo VO2max', './UploadsDo_VO_2max_a28a56deab.png', 14),
(44, 'Apple Watch', './UploadsLogo-512.webp', 14),
(45, 'Dây đồng hồ', './UploadsDay_dong_ho_e0faf91376.png', 14),
(46, 'Kangaroo', './UploadsKangaroo-PNG-File.png', 15),
(47, 'Karofi', './Uploadsdownload-logo-vector-karofi-mien-phi.jpg', 15),
(48, 'DAIKIOSAN', './Uploadslogo-daikiosan-704.png', 15),
(49, 'Máy lọc nước ấm', '', 15),
(50, 'Máy lọc nước để bàn', '', 15),
(51, 'Phụ kiện máy lọc nước', '', 15),
(54, 'Apple', './Uploadsapple-logo-transparent.png', 7);

-- --------------------------------------------------------

--
-- Table structure for table `donhang_chitiet`
--

CREATE TABLE `donhang_chitiet` (
  `id_donhang_chitiet` int NOT NULL,
  `id_donhang` int NOT NULL,
  `id_sanpham` int NOT NULL,
  `soluong` int NOT NULL,
  `giasanpham` varchar(255) NOT NULL,
  `Tong_thanhtoan` varchar(255) NOT NULL
) ENGINE=InnoDB DEFAULT CHARSET=utf8mb4 COLLATE=utf8mb4_0900_ai_ci;

-- --------------------------------------------------------

--
-- Table structure for table `don_hang`
--

CREATE TABLE `don_hang` (
  `id_donhang` int NOT NULL,
  `id_khachhang` int NOT NULL,
  `Ngay_dathang` date NOT NULL,
  `Trangthai_dathang` varchar(255) NOT NULL
) ENGINE=InnoDB DEFAULT CHARSET=utf8mb4 COLLATE=utf8mb4_0900_ai_ci;

-- --------------------------------------------------------

--
-- Table structure for table `dungluong_sanpham`
--

CREATE TABLE `dungluong_sanpham` (
  `id_dungluong` int NOT NULL,
  `ten_dungluong` varchar(255) NOT NULL,
  `ma_sanpham` int NOT NULL
) ENGINE=InnoDB DEFAULT CHARSET=utf8mb4 COLLATE=utf8mb4_0900_ai_ci;

--
-- Dumping data for table `dungluong_sanpham`
--

INSERT INTO `dungluong_sanpham` (`id_dungluong`, `ten_dungluong`, `ma_sanpham`) VALUES
(29, '128 GB', 23),
(30, '256 GB', 23),
(31, '512 GB', 23),
(32, '128 GB', 24),
(33, '1T GB', 25),
(34, '128 GB', 26),
(35, '256 GB', 27),
(36, '512 GB', 27),
(37, '256 GB', 28),
(38, '256 GB', 29),
(39, '512G', 33),
(40, '256G', 33),
(41, '128G', 33);

-- --------------------------------------------------------

--
-- Table structure for table `gia_sanpham`
--

CREATE TABLE `gia_sanpham` (
  `id_price` int NOT NULL,
  `id_sanpham` int NOT NULL,
  `price` varchar(50) NOT NULL
) ENGINE=InnoDB DEFAULT CHARSET=utf8mb4 COLLATE=utf8mb4_0900_ai_ci;

--
-- Dumping data for table `gia_sanpham`
--

INSERT INTO `gia_sanpham` (`id_price`, `id_sanpham`, `price`) VALUES
(9, 24, '3.490.000'),
(10, 23, '22.190.000'),
(11, 23, '25.490.000'),
(12, 23, '28.990.000'),
(13, 25, '34.390.000'),
(14, 25, '40.790.000'),
(15, 25, '46.990.000'),
(16, 26, '5.190.000'),
(17, 27, '26.990.000 '),
(18, 27, '30.990.000'),
(19, 28, '7.990.000'),
(20, 29, '9.290.000'),
(21, 30, '29.990.000'),
(22, 30, '33.490.000'),
(23, 30, '40.490.000'),
(24, 31, '34.990.000'),
(25, 31, '29.690.000'),
(26, 31, '40.190.000'),
(28, 33, '11.259.000đ'),
(29, 33, '10.250.000đ'),
(30, 33, '9.250.000đ');

-- --------------------------------------------------------

--
-- Table structure for table `mau_sp`
--

CREATE TABLE `mau_sp` (
  `id_mau` int NOT NULL,
  `ten_mau` varchar(255) NOT NULL,
  `anh_mau` varchar(255) NOT NULL,
  `id_sanpham` int NOT NULL
) ENGINE=InnoDB DEFAULT CHARSET=utf8mb4 COLLATE=utf8mb4_0900_ai_ci;

--
-- Dumping data for table `mau_sp`
--

INSERT INTO `mau_sp` (`id_mau`, `ten_mau`, `anh_mau`, `id_sanpham`) VALUES
(18, 'Đen', './Uploads/samsung_galaxy_a06_blue_black_1_46d3694f11.png', 24),
(19, 'Xanh lá', './Uploads/samsung_galaxy_a06_light_green_1_74345bb624.png', 24),
(20, 'Xanh Nhạt', './Uploads/samsung_galaxy_a06_light_green_1_74345bb624.png', 24),
(22, 'Xanh lưu li', './Uploads/iphone_16_ultramarine_523066aa94 (1).png', 23),
(24, 'Xanh Mòng Két', './Uploads/iphone_16_teal_09fe254c00.png', 23),
(25, 'Hồng', './Uploads/iphone_16_pink_23227ae794.png', 23),
(26, 'Titan sa mạc', './Uploads/iphone_16_pro_max_desert_titan_3552a28ae0.png', 25),
(27, 'Titan trắng', './Uploads/iphone_16_pro_max_white_titan_ec6c800e82.png', 25),
(28, 'Titan tự nhiên', './Uploads/iphone_16_pro_max_natural_titan_1875852ac7.png', 25),
(29, 'Đen', './Uploads/2023_8_2_638265802442751139_oppo-a58-den-1.jpg', 26),
(30, 'Xanh', './Uploads/2023_8_2_638265803282219591_oppo-a58-xanh-1.jpg', 26),
(31, 'Xám Metal', './Uploads/samsung_galaxy_z_flip6_silver_57e058f560.png', 27),
(32, 'Xanh Maya', './Uploads/samsung_galaxy_z_flip6_blue_e30111f18f.png', 27),
(33, 'Vàng Solar', './Uploads/samsung_galaxy_z_flip6_yellow_6e5e873254.png', 27),
(34, 'Đen', './Uploads/00909922_poco_x6_black_1205e4d2ba.png', 28),
(35, 'Xanh dương', './Uploads/00909923_poco_x6_blue_5e570f66db.png', 28),
(36, 'Trắng', './Uploads/00909924_poco_x6_white_4df8767481.png', 28),
(37, 'Tím đen', './Uploads/realme_13_plus_5g_tim_5_4ed930bfe7.png', 29),
(38, 'Xám Titan', './Uploads/2024_1_15_638409395342231798_samsung-galaxy-s24-ultra-xam-1.png', 30),
(39, 'Vàng Titan', './Uploads/2024_1_17_638410793333120339_samsung-galaxy-s24-ultra-vang-1.png', 30),
(40, 'Tím Titan', './Uploads/2024_1_17_638410793331870061_samsung-galaxy-s24-ultra-tim-1.png', 30),
(41, 'Titan Xanh', './Uploads/2023_9_20_638307989548944936_iphone-15-promax-xanh-1.jpg', 31),
(42, 'Titan Tự nhiên', './Uploads/2023_9_20_638307992305419305_iphone-15-promax-xanh-vang-1.jpg', 31),
(43, 'Titan Trắng', './Uploads/2023_9_20_638307982103040290_iphone-15-promax-trang-1.jpg', 31),
(45, 'Xám', './Uploads/xam.webp', 33),
(46, 'Xanh da trời', './Uploads/xanh.webp', 33),
(47, 'Đen', './Uploads/den.jpg', 33);

-- --------------------------------------------------------

--
-- Table structure for table `sanpham`
--

CREATE TABLE `sanpham` (
  `ma_sp` int NOT NULL,
  `ten_sp` varchar(255) NOT NULL,
  `ngaynhap` date NOT NULL,
  `mota_sanpham` text CHARACTER SET utf8mb4 COLLATE utf8mb4_0900_ai_ci,
  `hang_sanxuat` varchar(255) CHARACTER SET utf8mb4 COLLATE utf8mb4_0900_ai_ci NOT NULL,
  `ma_danhmuc` int NOT NULL,
  `ma_danhmuc_con` int NOT NULL
) ENGINE=InnoDB DEFAULT CHARSET=utf8mb4 COLLATE=utf8mb4_0900_ai_ci;

--
-- Dumping data for table `sanpham`
--

INSERT INTO `sanpham` (`ma_sp`, `ten_sp`, `ngaynhap`, `mota_sanpham`, `hang_sanxuat`, `ma_danhmuc`, `ma_danhmuc_con`) VALUES
(23, 'iPhone 16', '2024-11-19', '<h2 style=\"text-align:start\"><span style=\"font-size:28px !important\"><span style=\"color:#000000\"><span style=\"font-family:__Inter_179fbf,__Inter_Fallback_179fbf\">Th&ocirc;ng tin sản phẩm</span></span></span></h2>\r\n\r\n<div class=\"flex\" style=\"--tw-border-spacing-x:0; --tw-border-spacing-y:0; --tw-ring-offset-width:0px; border:0px solid #e5e7eb; text-align:start\">\r\n<div class=\"pr-8 w-1/2\" style=\"--tw-border-spacing-x:0; --tw-border-spacing-y:0; --tw-ring-offset-width:0px; border:0px solid #e5e7eb; padding-right:2rem !important; width:595.6px\">\r\n<div class=\"relative w-full\" style=\"--tw-border-spacing-x:0; --tw-border-spacing-y:0; --tw-ring-offset-width:0px; border:0px solid #e5e7eb; width:563.6px\">\r\n<div class=\"l6-semibold mb-2\" style=\"--tw-border-spacing-x:0; --tw-border-spacing-y:0; --tw-ring-offset-width:0px; border:0px solid #e5e7eb\"><span style=\"font-size:14px\"><span style=\"color:#000000\"><span style=\"font-family:__Inter_179fbf,__Inter_Fallback_179fbf\"><span style=\"font-size:20px !important\">M&ocirc; tả sản phẩm</span></span></span></span></div>\r\n\r\n<div style=\"--tw-border-spacing-x:0; --tw-border-spacing-y:0; --tw-ring-offset-width:0px; border:0px solid #e5e7eb\">\r\n<div class=\"Slider_sliderWrapper__pwiGJ mx-0 my-5\" style=\"--tw-border-spacing-x:0; --tw-border-spacing-y:0; --tw-ring-offset-width:0px; border:0px solid #e5e7eb; margin-bottom:20px; margin-top:20px\">\r\n<div class=\"dynamicPagination swiper swiper-horizontal swiper-initialized\" style=\"--tw-border-spacing-x:0; --tw-border-spacing-y:0; --tw-ring-offset-width:0px; border:0px solid #e5e7eb; padding:0px\">\r\n<div class=\"swiper-wrapper\" id=\"swiper-wrapper-102da6e8f6110d7646\" style=\"--tw-border-spacing-x:0; --tw-border-spacing-y:0; --tw-ring-offset-width:0px; border:0px solid #e5e7eb; width:563.6px\">\r\n<div class=\"Slider_slideItem1__r6_h4 Slider_slideItem__gO4GW swiper-slide swiper-slide-active\" style=\"--tw-border-spacing-x:0; --tw-border-spacing-y:0; --tw-ring-offset-width:0px; border:0px solid #e5e7eb; width:564px\">\r\n<div class=\"flex justify-center mb:h-[229px] pc:h-[365px] relative w-full\" style=\"--tw-border-spacing-x:0; --tw-border-spacing-y:0; --tw-ring-offset-width:0px; border:0px solid #e5e7eb; width:563.6px\"><span style=\"font-size:14px\"><span style=\"color:#000000\"><span style=\"font-family:__Inter_179fbf,__Inter_Fallback_179fbf\"><img alt=\"https://fptshop.com.vn/\" src=\"https://cdn2.fptshop.com.vn/unsafe/1920x0/filters:quality(100)/Iphone_16_1_8fb107c22b.jpg\" style=\"--tw-border-spacing-x:0; --tw-border-spacing-y:0; --tw-ring-color:rgba(59,130,246,.5); --tw-ring-offset-color:#ffffff; --tw-ring-offset-shadow:0 0 #0000; --tw-ring-offset-width:0px; --tw-ring-shadow:0 0 #0000; --tw-rotate:0; --tw-scale-x:1; --tw-scale-y:1; --tw-scroll-snap-strictness:proximity; --tw-shadow-colored:0 0 #0000; --tw-shadow:0 0 #0000; --tw-skew-x:0; --tw-skew-y:0; --tw-translate-x:0; --tw-translate-y:0; border:0px solid #e5e7eb; box-sizing:border-box; color:transparent; display:block; height:365px; inset:0px; max-width:100%; position:absolute; vertical-align:middle; width:563.6px\" /></span></span></span></div>\r\n</div>\r\n\r\n<div class=\"Slider_slideItem1__r6_h4 Slider_slideItem__gO4GW swiper-slide swiper-slide-next\" style=\"--tw-border-spacing-x:0; --tw-border-spacing-y:0; --tw-ring-offset-width:0px; border:0px solid #e5e7eb; width:564px\">\r\n<div class=\"flex justify-center mb:h-[229px] pc:h-[365px] relative w-full\" style=\"--tw-border-spacing-x:0; --tw-border-spacing-y:0; --tw-ring-offset-width:0px; border:0px solid #e5e7eb; width:563.6px\"><span style=\"font-size:14px\"><span style=\"color:#000000\"><span style=\"font-family:__Inter_179fbf,__Inter_Fallback_179fbf\"><img alt=\"https://fptshop.com.vn/\" src=\"https://cdn2.fptshop.com.vn/unsafe/1920x0/filters:quality(100)/Iphone_16_2_2552b9a971.jpg\" style=\"--tw-border-spacing-x:0; --tw-border-spacing-y:0; --tw-ring-color:rgba(59,130,246,.5); --tw-ring-offset-color:#ffffff; --tw-ring-offset-shadow:0 0 #0000; --tw-ring-offset-width:0px; --tw-ring-shadow:0 0 #0000; --tw-rotate:0; --tw-scale-x:1; --tw-scale-y:1; --tw-scroll-snap-strictness:proximity; --tw-shadow-colored:0 0 #0000; --tw-shadow:0 0 #0000; --tw-skew-x:0; --tw-skew-y:0; --tw-translate-x:0; --tw-translate-y:0; border:0px solid #e5e7eb; box-sizing:border-box; color:transparent; display:block; height:365px; inset:0px; max-width:100%; position:absolute; vertical-align:middle; width:563.6px\" /></span></span></span></div>\r\n</div>\r\n\r\n<div class=\"Slider_slideItem1__r6_h4 Slider_slideItem__gO4GW swiper-slide\" style=\"--tw-border-spacing-x:0; --tw-border-spacing-y:0; --tw-ring-offset-width:0px; border:0px solid #e5e7eb; width:564px\">\r\n<div class=\"flex justify-center mb:h-[229px] pc:h-[365px] relative w-full\" style=\"--tw-border-spacing-x:0; --tw-border-spacing-y:0; --tw-ring-offset-width:0px; border:0px solid #e5e7eb; width:563.6px\"><span style=\"font-size:14px\"><span style=\"color:#000000\"><span style=\"font-family:__Inter_179fbf,__Inter_Fallback_179fbf\"><img alt=\"https://fptshop.com.vn/\" src=\"https://cdn2.fptshop.com.vn/unsafe/1920x0/filters:quality(100)/Iphone_16_4_7b5c0f4b10.jpg\" style=\"--tw-border-spacing-x:0; --tw-border-spacing-y:0; --tw-ring-color:rgba(59,130,246,.5); --tw-ring-offset-color:#ffffff; --tw-ring-offset-shadow:0 0 #0000; --tw-ring-offset-width:0px; --tw-ring-shadow:0 0 #0000; --tw-rotate:0; --tw-scale-x:1; --tw-scale-y:1; --tw-scroll-snap-strictness:proximity; --tw-shadow-colored:0 0 #0000; --tw-shadow:0 0 #0000; --tw-skew-x:0; --tw-skew-y:0; --tw-translate-x:0; --tw-translate-y:0; border:0px solid #e5e7eb; box-sizing:border-box; color:transparent; display:block; height:365px; inset:0px; max-width:100%; position:absolute; vertical-align:middle; width:563.6px\" /></span></span></span></div>\r\n</div>\r\n\r\n<div class=\"Slider_slideItem1__r6_h4 Slider_slideItem__gO4GW swiper-slide\" style=\"--tw-border-spacing-x:0; --tw-border-spacing-y:0; --tw-ring-offset-width:0px; border:0px solid #e5e7eb; width:564px\">\r\n<div class=\"flex justify-center mb:h-[229px] pc:h-[365px] relative w-full\" style=\"--tw-border-spacing-x:0; --tw-border-spacing-y:0; --tw-ring-offset-width:0px; border:0px solid #e5e7eb; width:563.6px\"><span style=\"font-size:14px\"><span style=\"color:#000000\"><span style=\"font-family:__Inter_179fbf,__Inter_Fallback_179fbf\"><img alt=\"https://fptshop.com.vn/\" src=\"https://cdn2.fptshop.com.vn/unsafe/1920x0/filters:quality(100)/Iphone_16_5_e8d9e8126e.jpg\" style=\"--tw-border-spacing-x:0; --tw-border-spacing-y:0; --tw-ring-color:rgba(59,130,246,.5); --tw-ring-offset-color:#ffffff; --tw-ring-offset-shadow:0 0 #0000; --tw-ring-offset-width:0px; --tw-ring-shadow:0 0 #0000; --tw-rotate:0; --tw-scale-x:1; --tw-scale-y:1; --tw-scroll-snap-strictness:proximity; --tw-shadow-colored:0 0 #0000; --tw-shadow:0 0 #0000; --tw-skew-x:0; --tw-skew-y:0; --tw-translate-x:0; --tw-translate-y:0; background-image:url(&quot;data:image/svg+xml; background-position:50% 50%; background-repeat:no-repeat; background-size:cover; border:0px solid #e5e7eb; box-sizing:border-box; color:transparent; display:block; height:365px; inset:0px; max-width:100%; position:absolute; vertical-align:middle; width:563.6px\" /></span></span></span></div>\r\n</div>\r\n\r\n<div class=\"Slider_slideItem1__r6_h4 Slider_slideItem__gO4GW swiper-slide\" style=\"--tw-border-spacing-x:0; --tw-border-spacing-y:0; --tw-ring-offset-width:0px; border:0px solid #e5e7eb; width:564px\">\r\n<div class=\"flex justify-center mb:h-[229px] pc:h-[365px] relative w-full\" style=\"--tw-border-spacing-x:0; --tw-border-spacing-y:0; --tw-ring-offset-width:0px; border:0px solid #e5e7eb; width:563.6px\"><span style=\"font-size:14px\"><span style=\"color:#000000\"><span style=\"font-family:__Inter_179fbf,__Inter_Fallback_179fbf\"><img alt=\"https://fptshop.com.vn/\" src=\"https://cdn2.fptshop.com.vn/unsafe/1920x0/filters:quality(100)/Iphone_16_6_1ee308bdd3.jpg\" style=\"--tw-border-spacing-x:0; --tw-border-spacing-y:0; --tw-ring-color:rgba(59,130,246,.5); --tw-ring-offset-color:#ffffff; --tw-ring-offset-shadow:0 0 #0000; --tw-ring-offset-width:0px; --tw-ring-shadow:0 0 #0000; --tw-rotate:0; --tw-scale-x:1; --tw-scale-y:1; --tw-scroll-snap-strictness:proximity; --tw-shadow-colored:0 0 #0000; --tw-shadow:0 0 #0000; --tw-skew-x:0; --tw-skew-y:0; --tw-translate-x:0; --tw-translate-y:0; background-image:url(&quot;data:image/svg+xml; background-position:50% 50%; background-repeat:no-repeat; background-size:cover; border:0px solid #e5e7eb; box-sizing:border-box; color:transparent; display:block; height:365px; inset:0px; max-width:100%; position:absolute; vertical-align:middle; width:563.6px\" /></span></span></span></div>\r\n</div>\r\n\r\n<div class=\"Slider_slideItem1__r6_h4 Slider_slideItem__gO4GW swiper-slide\" style=\"--tw-border-spacing-x:0; --tw-border-spacing-y:0; --tw-ring-offset-width:0px; border:0px solid #e5e7eb; width:564px\">\r\n<div class=\"flex justify-center mb:h-[229px] pc:h-[365px] relative w-full\" style=\"--tw-border-spacing-x:0; --tw-border-spacing-y:0; --tw-ring-offset-width:0px; border:0px solid #e5e7eb; width:563.6px\"><span style=\"font-size:14px\"><span style=\"color:#000000\"><span style=\"font-family:__Inter_179fbf,__Inter_Fallback_179fbf\"><img alt=\"https://fptshop.com.vn/\" src=\"https://cdn2.fptshop.com.vn/unsafe/1920x0/filters:quality(100)/Iphone_16_7_161ef0659d.jpg\" style=\"--tw-border-spacing-x:0; --tw-border-spacing-y:0; --tw-ring-color:rgba(59,130,246,.5); --tw-ring-offset-color:#ffffff; --tw-ring-offset-shadow:0 0 #0000; --tw-ring-offset-width:0px; --tw-ring-shadow:0 0 #0000; --tw-rotate:0; --tw-scale-x:1; --tw-scale-y:1; --tw-scroll-snap-strictness:proximity; --tw-shadow-colored:0 0 #0000; --tw-shadow:0 0 #0000; --tw-skew-x:0; --tw-skew-y:0; --tw-translate-x:0; --tw-translate-y:0; background-image:url(&quot;data:image/svg+xml; background-position:50% 50%; background-repeat:no-repeat; background-size:cover; border:0px solid #e5e7eb; box-sizing:border-box; color:transparent; display:block; height:365px; inset:0px; max-width:100%; position:absolute; vertical-align:middle; width:563.6px\" /></span></span></span></div>\r\n</div>\r\n\r\n<div class=\"Slider_slideItem1__r6_h4 Slider_slideItem__gO4GW swiper-slide\" style=\"--tw-border-spacing-x:0; --tw-border-spacing-y:0; --tw-ring-offset-width:0px; border:0px solid #e5e7eb; width:564px\">\r\n<div class=\"flex justify-center mb:h-[229px] pc:h-[365px] relative w-full\" style=\"--tw-border-spacing-x:0; --tw-border-spacing-y:0; --tw-ring-offset-width:0px; border:0px solid #e5e7eb; width:563.6px\"><span style=\"font-size:14px\"><span style=\"color:#000000\"><span style=\"font-family:__Inter_179fbf,__Inter_Fallback_179fbf\"><img alt=\"https://fptshop.com.vn/\" src=\"https://cdn2.fptshop.com.vn/unsafe/1920x0/filters:quality(100)/Iphone_16_8_c2bf27f92b.jpg\" style=\"--tw-border-spacing-x:0; --tw-border-spacing-y:0; --tw-ring-color:rgba(59,130,246,.5); --tw-ring-offset-color:#ffffff; --tw-ring-offset-shadow:0 0 #0000; --tw-ring-offset-width:0px; --tw-ring-shadow:0 0 #0000; --tw-rotate:0; --tw-scale-x:1; --tw-scale-y:1; --tw-scroll-snap-strictness:proximity; --tw-shadow-colored:0 0 #0000; --tw-shadow:0 0 #0000; --tw-skew-x:0; --tw-skew-y:0; --tw-translate-x:0; --tw-translate-y:0; background-image:url(&quot;data:image/svg+xml; background-position:50% 50%; background-repeat:no-repeat; background-size:cover; border:0px solid #e5e7eb; box-sizing:border-box; color:transparent; display:block; height:365px; inset:0px; max-width:100%; position:absolute; vertical-align:middle; width:563.6px\" /></span></span></span></div>\r\n</div>\r\n\r\n<div class=\"Slider_slideItem1__r6_h4 Slider_slideItem__gO4GW swiper-slide\" style=\"--tw-border-spacing-x:0; --tw-border-spacing-y:0; --tw-ring-offset-width:0px; border:0px solid #e5e7eb; width:564px\">\r\n<div class=\"flex justify-center mb:h-[229px] pc:h-[365px] relative w-full\" style=\"--tw-border-spacing-x:0; --tw-border-spacing-y:0; --tw-ring-offset-width:0px; border:0px solid #e5e7eb; width:563.6px\"><span style=\"font-size:14px\"><span style=\"color:#000000\"><span style=\"font-family:__Inter_179fbf,__Inter_Fallback_179fbf\"><img alt=\"https://fptshop.com.vn/\" src=\"https://cdn2.fptshop.com.vn/unsafe/1920x0/filters:quality(100)/Iphone_16_9_931527ef4b.jpg\" style=\"--tw-border-spacing-x:0; --tw-border-spacing-y:0; --tw-ring-color:rgba(59,130,246,.5); --tw-ring-offset-color:#ffffff; --tw-ring-offset-shadow:0 0 #0000; --tw-ring-offset-width:0px; --tw-ring-shadow:0 0 #0000; --tw-rotate:0; --tw-scale-x:1; --tw-scale-y:1; --tw-scroll-snap-strictness:proximity; --tw-shadow-colored:0 0 #0000; --tw-shadow:0 0 #0000; --tw-skew-x:0; --tw-skew-y:0; --tw-translate-x:0; --tw-translate-y:0; background-image:url(&quot;data:image/svg+xml; background-position:50% 50%; background-repeat:no-repeat; background-size:cover; border:0px solid #e5e7eb; box-sizing:border-box; color:transparent; display:block; height:365px; inset:0px; max-width:100%; position:absolute; vertical-align:middle; width:563.6px\" /></span></span></span></div>\r\n</div>\r\n\r\n<div class=\"Slider_slideItem1__r6_h4 Slider_slideItem__gO4GW swiper-slide\" style=\"--tw-border-spacing-x:0; --tw-border-spacing-y:0; --tw-ring-offset-width:0px; border:0px solid #e5e7eb; width:564px\">\r\n<div class=\"flex justify-center mb:h-[229px] pc:h-[365px] relative w-full\" style=\"--tw-border-spacing-x:0; --tw-border-spacing-y:0; --tw-ring-offset-width:0px; border:0px solid #e5e7eb; width:563.6px\"><span style=\"font-size:14px\"><span style=\"color:#000000\"><span style=\"font-family:__Inter_179fbf,__Inter_Fallback_179fbf\"><img alt=\"https://fptshop.com.vn/\" src=\"https://cdn2.fptshop.com.vn/unsafe/1920x0/filters:quality(100)/Iphone_16_10_52ac57157f.jpg\" style=\"--tw-border-spacing-x:0; --tw-border-spacing-y:0; --tw-ring-color:rgba(59,130,246,.5); --tw-ring-offset-color:#ffffff; --tw-ring-offset-shadow:0 0 #0000; --tw-ring-offset-width:0px; --tw-ring-shadow:0 0 #0000; --tw-rotate:0; --tw-scale-x:1; --tw-scale-y:1; --tw-scroll-snap-strictness:proximity; --tw-shadow-colored:0 0 #0000; --tw-shadow:0 0 #0000; --tw-skew-x:0; --tw-skew-y:0; --tw-translate-x:0; --tw-translate-y:0; background-image:url(&quot;data:image/svg+xml; background-position:50% 50%; background-repeat:no-repeat; background-size:cover; border:0px solid #e5e7eb; box-sizing:border-box; color:transparent; display:block; height:365px; inset:0px; max-width:100%; position:absolute; vertical-align:middle; width:563.6px\" /></span></span></span></div>\r\n</div>\r\n\r\n<div class=\"Slider_slideItem1__r6_h4 Slider_slideItem__gO4GW swiper-slide\" style=\"--tw-border-spacing-x:0; --tw-border-spacing-y:0; --tw-ring-offset-width:0px; border:0px solid #e5e7eb; width:564px\">\r\n<div class=\"flex justify-center mb:h-[229px] pc:h-[365px] relative w-full\" style=\"--tw-border-spacing-x:0; --tw-border-spacing-y:0; --tw-ring-offset-width:0px; border:0px solid #e5e7eb; width:563.6px\"><span style=\"font-size:14px\"><span style=\"color:#000000\"><span style=\"font-family:__Inter_179fbf,__Inter_Fallback_179fbf\"><img alt=\"https://fptshop.com.vn/\" src=\"https://cdn2.fptshop.com.vn/unsafe/1920x0/filters:quality(100)/Iphone_16_11_f4f033c5c5.jpg\" style=\"--tw-border-spacing-x:0; --tw-border-spacing-y:0; --tw-ring-color:rgba(59,130,246,.5); --tw-ring-offset-color:#ffffff; --tw-ring-offset-shadow:0 0 #0000; --tw-ring-offset-width:0px; --tw-ring-shadow:0 0 #0000; --tw-rotate:0; --tw-scale-x:1; --tw-scale-y:1; --tw-scroll-snap-strictness:proximity; --tw-shadow-colored:0 0 #0000; --tw-shadow:0 0 #0000; --tw-skew-x:0; --tw-skew-y:0; --tw-translate-x:0; --tw-translate-y:0; background-image:url(&quot;data:image/svg+xml; background-position:50% 50%; background-repeat:no-repeat; background-size:cover; border:0px solid #e5e7eb; box-sizing:border-box; color:transparent; display:block; height:365px; inset:0px; max-width:100%; position:absolute; vertical-align:middle; width:563.6px\" /></span></span></span></div>\r\n</div>\r\n\r\n<div class=\"Slider_slideItem1__r6_h4 Slider_slideItem__gO4GW swiper-slide\" style=\"--tw-border-spacing-x:0; --tw-border-spacing-y:0; --tw-ring-offset-width:0px; border:0px solid #e5e7eb; width:564px\">\r\n<div class=\"flex justify-center mb:h-[229px] pc:h-[365px] relative w-full\" style=\"--tw-border-spacing-x:0; --tw-border-spacing-y:0; --tw-ring-offset-width:0px; border:0px solid #e5e7eb; width:563.6px\"><span style=\"font-size:14px\"><span style=\"color:#000000\"><span style=\"font-family:__Inter_179fbf,__Inter_Fallback_179fbf\"><img alt=\"https://fptshop.com.vn/\" src=\"https://cdn2.fptshop.com.vn/unsafe/1920x0/filters:quality(100)/Iphone_16_12_453dec5010.jpg\" style=\"--tw-border-spacing-x:0; --tw-border-spacing-y:0; --tw-ring-color:rgba(59,130,246,.5); --tw-ring-offset-color:#ffffff; --tw-ring-offset-shadow:0 0 #0000; --tw-ring-offset-width:0px; --tw-ring-shadow:0 0 #0000; --tw-rotate:0; --tw-scale-x:1; --tw-scale-y:1; --tw-scroll-snap-strictness:proximity; --tw-shadow-colored:0 0 #0000; --tw-shadow:0 0 #0000; --tw-skew-x:0; --tw-skew-y:0; --tw-translate-x:0; --tw-translate-y:0; background-image:url(&quot;data:image/svg+xml; background-position:50% 50%; background-repeat:no-repeat; background-size:cover; border:0px solid #e5e7eb; box-sizing:border-box; color:transparent; display:block; height:365px; inset:0px; max-width:100%; position:absolute; vertical-align:middle; width:563.6px\" /></span></span></span></div>\r\n</div>\r\n\r\n<div class=\"Slider_slideItem1__r6_h4 Slider_slideItem__gO4GW swiper-slide\" style=\"--tw-border-spacing-x:0; --tw-border-spacing-y:0; --tw-ring-offset-width:0px; border:0px solid #e5e7eb; width:564px\">\r\n<div class=\"flex justify-center mb:h-[229px] pc:h-[365px] relative w-full\" style=\"--tw-border-spacing-x:0; --tw-border-spacing-y:0; --tw-ring-offset-width:0px; border:0px solid #e5e7eb; width:563.6px\"><span style=\"font-size:14px\"><span style=\"color:#000000\"><span style=\"font-family:__Inter_179fbf,__Inter_Fallback_179fbf\"><img alt=\"https://fptshop.com.vn/\" src=\"https://cdn2.fptshop.com.vn/unsafe/1920x0/filters:quality(100)/Iphone_16_13_0b979bcc18.jpg\" style=\"--tw-border-spacing-x:0; --tw-border-spacing-y:0; --tw-ring-color:rgba(59,130,246,.5); --tw-ring-offset-color:#ffffff; --tw-ring-offset-shadow:0 0 #0000; --tw-ring-offset-width:0px; --tw-ring-shadow:0 0 #0000; --tw-rotate:0; --tw-scale-x:1; --tw-scale-y:1; --tw-scroll-snap-strictness:proximity; --tw-shadow-colored:0 0 #0000; --tw-shadow:0 0 #0000; --tw-skew-x:0; --tw-skew-y:0; --tw-translate-x:0; --tw-translate-y:0; background-image:url(&quot;data:image/svg+xml; background-position:50% 50%; background-repeat:no-repeat; background-size:cover; border:0px solid #e5e7eb; box-sizing:border-box; color:transparent; display:block; height:365px; inset:0px; max-width:100%; position:absolute; vertical-align:middle; width:563.6px\" /></span></span></span></div>\r\n</div>\r\n\r\n<div class=\"Slider_slideItem1__r6_h4 Slider_slideItem__gO4GW swiper-slide\" style=\"--tw-border-spacing-x:0; --tw-border-spacing-y:0; --tw-ring-offset-width:0px; border:0px solid #e5e7eb; width:564px\">\r\n<div class=\"flex justify-center mb:h-[229px] pc:h-[365px] relative w-full\" style=\"--tw-border-spacing-x:0; --tw-border-spacing-y:0; --tw-ring-offset-width:0px; border:0px solid #e5e7eb; width:563.6px\"><span style=\"font-size:14px\"><span style=\"color:#000000\"><span style=\"font-family:__Inter_179fbf,__Inter_Fallback_179fbf\"><img alt=\"https://fptshop.com.vn/\" src=\"https://cdn2.fptshop.com.vn/unsafe/1920x0/filters:quality(100)/Iphone_16_14_244a614df4.jpg\" style=\"--tw-border-spacing-x:0; --tw-border-spacing-y:0; --tw-ring-color:rgba(59,130,246,.5); --tw-ring-offset-color:#ffffff; --tw-ring-offset-shadow:0 0 #0000; --tw-ring-offset-width:0px; --tw-ring-shadow:0 0 #0000; --tw-rotate:0; --tw-scale-x:1; --tw-scale-y:1; --tw-scroll-snap-strictness:proximity; --tw-shadow-colored:0 0 #0000; --tw-shadow:0 0 #0000; --tw-skew-x:0; --tw-skew-y:0; --tw-translate-x:0; --tw-translate-y:0; background-image:url(&quot;data:image/svg+xml; background-position:50% 50%; background-repeat:no-repeat; background-size:cover; border:0px solid #e5e7eb; box-sizing:border-box; color:transparent; display:block; height:365px; inset:0px; max-width:100%; position:absolute; vertical-align:middle; width:563.6px\" /></span></span></span></div>\r\n</div>\r\n\r\n<div class=\"Slider_slideItem1__r6_h4 Slider_slideItem__gO4GW swiper-slide\" style=\"--tw-border-spacing-x:0; --tw-border-spacing-y:0; --tw-ring-offset-width:0px; border:0px solid #e5e7eb; width:564px\">\r\n<div class=\"flex justify-center mb:h-[229px] pc:h-[365px] relative w-full\" style=\"--tw-border-spacing-x:0; --tw-border-spacing-y:0; --tw-ring-offset-width:0px; border:0px solid #e5e7eb; width:563.6px\"><span style=\"font-size:14px\"><span style=\"color:#000000\"><span style=\"font-family:__Inter_179fbf,__Inter_Fallback_179fbf\"><img alt=\"https://fptshop.com.vn/\" src=\"https://cdn2.fptshop.com.vn/unsafe/1920x0/filters:quality(100)/Iphone_16_15_e768c6f10d.jpg\" style=\"--tw-border-spacing-x:0; --tw-border-spacing-y:0; --tw-ring-color:rgba(59,130,246,.5); --tw-ring-offset-color:#ffffff; --tw-ring-offset-shadow:0 0 #0000; --tw-ring-offset-width:0px; --tw-ring-shadow:0 0 #0000; --tw-rotate:0; --tw-scale-x:1; --tw-scale-y:1; --tw-scroll-snap-strictness:proximity; --tw-shadow-colored:0 0 #0000; --tw-shadow:0 0 #0000; --tw-skew-x:0; --tw-skew-y:0; --tw-translate-x:0; --tw-translate-y:0; background-image:url(&quot;data:image/svg+xml; background-position:50% 50%; background-repeat:no-repeat; background-size:cover; border:0px solid #e5e7eb; box-sizing:border-box; color:transparent; display:block; height:365px; inset:0px; max-width:100%; position:absolute; vertical-align:middle; width:563.6px\" /></span></span></span></div>\r\n</div>\r\n\r\n<div class=\"Slider_slideItem1__r6_h4 Slider_slideItem__gO4GW swiper-slide\" style=\"--tw-border-spacing-x:0; --tw-border-spacing-y:0; --tw-ring-offset-width:0px; border:0px solid #e5e7eb; width:564px\">\r\n<div class=\"flex justify-center mb:h-[229px] pc:h-[365px] relative w-full\" style=\"--tw-border-spacing-x:0; --tw-border-spacing-y:0; --tw-ring-offset-width:0px; border:0px solid #e5e7eb; width:563.6px\"><span style=\"font-size:14px\"><span style=\"color:#000000\"><span style=\"font-family:__Inter_179fbf,__Inter_Fallback_179fbf\"><img alt=\"https://fptshop.com.vn/\" src=\"https://cdn2.fptshop.com.vn/unsafe/1920x0/filters:quality(100)/Iphone_16_16_6e9a0acdcf.jpg\" style=\"--tw-border-spacing-x:0; --tw-border-spacing-y:0; --tw-ring-color:rgba(59,130,246,.5); --tw-ring-offset-color:#ffffff; --tw-ring-offset-shadow:0 0 #0000; --tw-ring-offset-width:0px; --tw-ring-shadow:0 0 #0000; --tw-rotate:0; --tw-scale-x:1; --tw-scale-y:1; --tw-scroll-snap-strictness:proximity; --tw-shadow-colored:0 0 #0000; --tw-shadow:0 0 #0000; --tw-skew-x:0; --tw-skew-y:0; --tw-translate-x:0; --tw-translate-y:0; background-image:url(&quot;data:image/svg+xml; background-position:50% 50%; background-repeat:no-repeat; background-size:cover; border:0px solid #e5e7eb; box-sizing:border-box; color:transparent; display:block; height:365px; inset:0px; max-width:100%; position:absolute; vertical-align:middle; width:563.6px\" /></span></span></span></div>\r\n</div>\r\n\r\n<div class=\"Slider_slideItem1__r6_h4 Slider_slideItem__gO4GW swiper-slide\" style=\"--tw-border-spacing-x:0; --tw-border-spacing-y:0; --tw-ring-offset-width:0px; border:0px solid #e5e7eb; width:564px\">\r\n<div class=\"flex justify-center mb:h-[229px] pc:h-[365px] relative w-full\" style=\"--tw-border-spacing-x:0; --tw-border-spacing-y:0; --tw-ring-offset-width:0px; border:0px solid #e5e7eb; width:563.6px\"><span style=\"font-size:14px\"><span style=\"color:#000000\"><span style=\"font-family:__Inter_179fbf,__Inter_Fallback_179fbf\"><img alt=\"https://fptshop.com.vn/\" src=\"https://cdn2.fptshop.com.vn/unsafe/1920x0/filters:quality(100)/Iphone_16_17_a50a2f3fd3.jpg\" style=\"--tw-border-spacing-x:0; --tw-border-spacing-y:0; --tw-ring-color:rgba(59,130,246,.5); --tw-ring-offset-color:#ffffff; --tw-ring-offset-shadow:0 0 #0000; --tw-ring-offset-width:0px; --tw-ring-shadow:0 0 #0000; --tw-rotate:0; --tw-scale-x:1; --tw-scale-y:1; --tw-scroll-snap-strictness:proximity; --tw-shadow-colored:0 0 #0000; --tw-shadow:0 0 #0000; --tw-skew-x:0; --tw-skew-y:0; --tw-translate-x:0; --tw-translate-y:0; background-image:url(&quot;data:image/svg+xml; background-position:50% 50%; background-repeat:no-repeat; background-size:cover; border:0px solid #e5e7eb; box-sizing:border-box; color:transparent; display:block; height:365px; inset:0px; max-width:100%; position:absolute; vertical-align:middle; width:563.6px\" /></span></span></span></div>\r\n</div>\r\n\r\n<div class=\"Slider_slideItem1__r6_h4 Slider_slideItem__gO4GW swiper-slide\" style=\"--tw-border-spacing-x:0; --tw-border-spacing-y:0; --tw-ring-offset-width:0px; border:0px solid #e5e7eb; width:564px\">\r\n<div class=\"flex justify-center mb:h-[229px] pc:h-[365px] relative w-full\" style=\"--tw-border-spacing-x:0; --tw-border-spacing-y:0; --tw-ring-offset-width:0px; border:0px solid #e5e7eb; width:563.6px\"><span style=\"font-size:14px\"><span style=\"color:#000000\"><span style=\"font-family:__Inter_179fbf,__Inter_Fallback_179fbf\"><img alt=\"https://fptshop.com.vn/\" src=\"https://cdn2.fptshop.com.vn/unsafe/1920x0/filters:quality(100)/Iphone_16_18_e795d0833b.jpg\" style=\"--tw-border-spacing-x:0; --tw-border-spacing-y:0; --tw-ring-color:rgba(59,130,246,.5); --tw-ring-offset-color:#ffffff; --tw-ring-offset-shadow:0 0 #0000; --tw-ring-offset-width:0px; --tw-ring-shadow:0 0 #0000; --tw-rotate:0; --tw-scale-x:1; --tw-scale-y:1; --tw-scroll-snap-strictness:proximity; --tw-shadow-colored:0 0 #0000; --tw-shadow:0 0 #0000; --tw-skew-x:0; --tw-skew-y:0; --tw-translate-x:0; --tw-translate-y:0; background-image:url(&quot;data:image/svg+xml; background-position:50% 50%; background-repeat:no-repeat; background-size:cover; border:0px solid #e5e7eb; box-sizing:border-box; color:transparent; display:block; height:365px; inset:0px; max-width:100%; position:absolute; vertical-align:middle; width:563.6px\" /></span></span></span></div>\r\n</div>\r\n\r\n<div class=\"Slider_slideItem1__r6_h4 Slider_slideItem__gO4GW swiper-slide\" style=\"--tw-border-spacing-x:0; --tw-border-spacing-y:0; --tw-ring-offset-width:0px; border:0px solid #e5e7eb; width:564px\">\r\n<div class=\"flex justify-center mb:h-[229px] pc:h-[365px] relative w-full\" style=\"--tw-border-spacing-x:0; --tw-border-spacing-y:0; --tw-ring-offset-width:0px; border:0px solid #e5e7eb; width:563.6px\"><span style=\"font-size:14px\"><span style=\"color:#000000\"><span style=\"font-family:__Inter_179fbf,__Inter_Fallback_179fbf\"><img alt=\"https://fptshop.com.vn/\" src=\"https://cdn2.fptshop.com.vn/unsafe/1920x0/filters:quality(100)/Iphone_16_19_39478e7787.jpg\" style=\"--tw-border-spacing-x:0; --tw-border-spacing-y:0; --tw-ring-color:rgba(59,130,246,.5); --tw-ring-offset-color:#ffffff; --tw-ring-offset-shadow:0 0 #0000; --tw-ring-offset-width:0px; --tw-ring-shadow:0 0 #0000; --tw-rotate:0; --tw-scale-x:1; --tw-scale-y:1; --tw-scroll-snap-strictness:proximity; --tw-shadow-colored:0 0 #0000; --tw-shadow:0 0 #0000; --tw-skew-x:0; --tw-skew-y:0; --tw-translate-x:0; --tw-translate-y:0; background-image:url(&quot;data:image/svg+xml; background-position:50% 50%; background-repeat:no-repeat; background-size:cover; border:0px solid #e5e7eb; box-sizing:border-box; color:transparent; display:block; height:365px; inset:0px; max-width:100%; position:absolute; vertical-align:middle; width:563.6px\" /></span></span></span></div>\r\n</div>\r\n</div>\r\n\r\n<div class=\"swiper-pagination swiper-pagination-bullets swiper-pagination-bullets-dynamic swiper-pagination-horizontal\" style=\"--tw-border-spacing-x:0; --tw-border-spacing-y:0; --tw-ring-offset-width:0px; border-radius:100px; border:0px solid #e5e7eb; padding-top:3px; text-align:center; width:80px\">&nbsp;</div>\r\n</div>\r\n\r\n<div class=\"Slider_carouselArrow__cw8ga\" style=\"--tw-border-spacing-x:0; --tw-border-spacing-y:0; --tw-ring-offset-width:0px; border:0px solid #e5e7eb\">&nbsp;</div>\r\n</div>\r\n</div>\r\n\r\n<div class=\"description-container overflow-hidden\" style=\"--tw-border-spacing-x:0; --tw-border-spacing-y:0; --tw-ring-offset-width:0px; border:0px solid #e5e7eb\">\r\n<p><span style=\"font-size:14px\"><span style=\"color:#000000\"><span style=\"font-family:__Inter_179fbf,__Inter_Fallback_179fbf\"><img alt=\"iphone-16-1.jpg\" src=\"https://cdn2.fptshop.com.vn/unsafe/800x0/iphone_16_1_adbd8a84f3.jpg\" style=\"--tw-border-spacing-x:0; --tw-border-spacing-y:0; --tw-ring-color:rgba(59,130,246,.5); --tw-ring-offset-color:#ffffff; --tw-ring-offset-shadow:0 0 #0000; --tw-ring-offset-width:0px; --tw-ring-shadow:0 0 #0000; --tw-rotate:0; --tw-scale-x:1; --tw-scale-y:1; --tw-scroll-snap-strictness:proximity; --tw-shadow-colored:0 0 #0000; --tw-shadow:0 0 #0000; --tw-skew-x:0; --tw-skew-y:0; --tw-translate-x:0; --tw-translate-y:0; border:0px solid #e5e7eb; box-sizing:border-box; display:block; height:651.662px; max-width:100%; vertical-align:middle; width:563.6px\" /></span></span></span></p>\r\n\r\n<p><span style=\"font-size:14px\"><span style=\"color:#000000\"><span style=\"font-family:__Inter_179fbf,__Inter_Fallback_179fbf\"><img alt=\"iphone-16-2.jpg\" src=\"https://cdn2.fptshop.com.vn/unsafe/iphone_16_2_a2a42b298d.jpg\" style=\"--tw-border-spacing-x:0; --tw-border-spacing-y:0; --tw-ring-color:rgba(59,130,246,.5); --tw-ring-offset-color:#ffffff; --tw-ring-offset-shadow:0 0 #0000; --tw-ring-offset-width:0px; --tw-ring-shadow:0 0 #0000; --tw-rotate:0; --tw-scale-x:1; --tw-scale-y:1; --tw-scroll-snap-strictness:proximity; --tw-shadow-colored:0 0 #0000; --tw-shadow:0 0 #0000; --tw-skew-x:0; --tw-skew-y:0; --tw-translate-x:0; --tw-translate-y:0; border:0px solid #e5e7eb; box-sizing:border-box; display:block; height:666.725px; max-width:100%; vertical-align:middle; width:563.6px\" /></span></span></span></p>\r\n\r\n<p><span style=\"font-size:14px\"><span style=\"color:#000000\"><span style=\"font-family:__Inter_179fbf,__Inter_Fallback_179fbf\"><img alt=\"iphone-16-3.jpg\" src=\"https://cdn2.fptshop.com.vn/unsafe/iphone_16_3_d0e1eb87ef.jpg\" style=\"--tw-border-spacing-x:0; --tw-border-spacing-y:0; --tw-ring-color:rgba(59,130,246,.5); --tw-ring-offset-color:#ffffff; --tw-ring-offset-shadow:0 0 #0000; --tw-ring-offset-width:0px; --tw-ring-shadow:0 0 #0000; --tw-rotate:0; --tw-scale-x:1; --tw-scale-y:1; --tw-scroll-snap-strictness:proximity; --tw-shadow-colored:0 0 #0000; --tw-shadow:0 0 #0000; --tw-skew-x:0; --tw-skew-y:0; --tw-translate-x:0; --tw-translate-y:0; border:0px solid #e5e7eb; box-sizing:border-box; display:block; height:734.775px; max-width:100%; vertical-align:middle; width:563.6px\" /></span></span></span></p>\r\n\r\n<p><span style=\"font-size:14px\"><span style=\"color:#000000\"><span style=\"font-family:__Inter_179fbf,__Inter_Fallback_179fbf\"><img alt=\"iphone-16-5.jpg\" src=\"https://cdn2.fptshop.com.vn/unsafe/iphone_16_5_6544aed046.jpg\" style=\"--tw-border-spacing-x:0; --tw-border-spacing-y:0; --tw-ring-color:rgba(59,130,246,.5); --tw-ring-offset-color:#ffffff; --tw-ring-offset-shadow:0 0 #0000; --tw-ring-offset-width:0px; --tw-ring-shadow:0 0 #0000; --tw-rotate:0; --tw-scale-x:1; --tw-scale-y:1; --tw-scroll-snap-strictness:proximity; --tw-shadow-colored:0 0 #0000; --tw-shadow:0 0 #0000; --tw-skew-x:0; --tw-skew-y:0; --tw-translate-x:0; --tw-translate-y:0; border:0px solid #e5e7eb; box-sizing:border-box; display:block; height:834.662px; max-width:100%; vertical-align:middle; width:563.6px\" /></span></span></span></p>\r\n\r\n<p><span style=\"font-size:14px\"><span style=\"color:#000000\"><span style=\"font-family:__Inter_179fbf,__Inter_Fallback_179fbf\"><img alt=\"iphone-16-6.jpg\" src=\"https://cdn2.fptshop.com.vn/unsafe/iphone_16_6_5f9dfaf2d4.jpg\" style=\"--tw-border-spacing-x:0; --tw-border-spacing-y:0; --tw-ring-color:rgba(59,130,246,.5); --tw-ring-offset-color:#ffffff; --tw-ring-offset-shadow:0 0 #0000; --tw-ring-offset-width:0px; --tw-ring-shadow:0 0 #0000; --tw-rotate:0; --tw-scale-x:1; --tw-scale-y:1; --tw-scroll-snap-strictness:proximity; --tw-shadow-colored:0 0 #0000; --tw-shadow:0 0 #0000; --tw-skew-x:0; --tw-skew-y:0; --tw-translate-x:0; --tw-translate-y:0; border:0px solid #e5e7eb; box-sizing:border-box; display:block; height:739.888px; max-width:100%; vertical-align:middle; width:563.6px\" /></span></span></span></p>\r\n\r\n<p><span style=\"font-size:14px\"><span style=\"color:#000000\"><span style=\"font-family:__Inter_179fbf,__Inter_Fallback_179fbf\"><img alt=\"iphone-16-8.jpg\" src=\"https://cdn2.fptshop.com.vn/unsafe/iphone_16_8_76cbeb6ce0.jpg\" style=\"--tw-border-spacing-x:0; --tw-border-spacing-y:0; --tw-ring-color:rgba(59,130,246,.5); --tw-ring-offset-color:#ffffff; --tw-ring-offset-shadow:0 0 #0000; --tw-ring-offset-width:0px; --tw-ring-shadow:0 0 #0000; --tw-rotate:0; --tw-scale-x:1; --tw-scale-y:1; --tw-scroll-snap-strictness:proximity; --tw-shadow-colored:0 0 #0000; --tw-shadow:0 0 #0000; --tw-skew-x:0; --tw-skew-y:0; --tw-translate-x:0; --tw-translate-y:0; border:0px solid #e5e7eb; box-sizing:border-box; display:block; height:702.05px; max-width:100%; vertical-align:middle; width:563.6px\" /></span></span></span></p>\r\n\r\n<p><span style=\"font-size:14px\"><span style=\"color:#000000\"><span style=\"font-family:__Inter_179fbf,__Inter_Fallback_179fbf\"><img alt=\"iphone-16-9.jpg\" src=\"https://cdn2.fptshop.com.vn/unsafe/iphone_16_9_ba6f5a18f3.jpg\" style=\"--tw-border-spacing-x:0; --tw-border-spacing-y:0; --tw-ring-color:rgba(59,130,246,.5); --tw-ring-offset-color:#ffffff; --tw-ring-offset-shadow:0 0 #0000; --tw-ring-offset-width:0px; --tw-ring-shadow:0 0 #0000; --tw-rotate:0; --tw-scale-x:1; --tw-scale-y:1; --tw-scroll-snap-strictness:proximity; --tw-shadow-colored:0 0 #0000; --tw-shadow:0 0 #0000; --tw-skew-x:0; --tw-skew-y:0; --tw-translate-x:0; --tw-translate-y:0; border:0px solid #e5e7eb; box-sizing:border-box; display:block; height:627.112px; max-width:100%; vertical-align:middle; width:563.6px\" /></span></span></span></p>\r\n\r\n<p><span style=\"font-size:14px\"><span style=\"color:#000000\"><span style=\"font-family:__Inter_179fbf,__Inter_Fallback_179fbf\"><img alt=\"iphone-16-a.jpg\" src=\"https://cdn2.fptshop.com.vn/unsafe/iphone_16_a_6c4abf1e21.jpg\" style=\"--tw-border-spacing-x:0; --tw-border-spacing-y:0; --tw-ring-color:rgba(59,130,246,.5); --tw-ring-offset-color:#ffffff; --tw-ring-offset-shadow:0 0 #0000; --tw-ring-offset-width:0px; --tw-ring-shadow:0 0 #0000; --tw-rotate:0; --tw-scale-x:1; --tw-scale-y:1; --tw-scroll-snap-strictness:proximity; --tw-shadow-colored:0 0 #0000; --tw-shadow:0 0 #0000; --tw-skew-x:0; --tw-skew-y:0; --tw-translate-x:0; --tw-translate-y:0; border:0px solid #e5e7eb; box-sizing:border-box; display:block; height:647.55px; max-width:100%; vertical-align:middle; width:563.6px\" /></span></span></span></p>\r\n\r\n<p><span style=\"font-size:14px\"><span style=\"color:#000000\"><span style=\"font-family:__Inter_179fbf,__Inter_Fallback_179fbf\"><img alt=\"iphone-16-b.jpg\" src=\"https://cdn2.fptshop.com.vn/unsafe/iphone_16_b_5f08019fe6.jpg\" style=\"--tw-border-spacing-x:0; --tw-border-spacing-y:0; --tw-ring-color:rgba(59,130,246,.5); --tw-ring-offset-color:#ffffff; --tw-ring-offset-shadow:0 0 #0000; --tw-ring-offset-width:0px; --tw-ring-shadow:0 0 #0000; --tw-rotate:0; --tw-scale-x:1; --tw-scale-y:1; --tw-scroll-snap-strictness:proximity; --tw-shadow-colored:0 0 #0000; --tw-shadow:0 0 #0000; --tw-skew-x:0; --tw-skew-y:0; --tw-translate-x:0; --tw-translate-y:0; border:0px solid #e5e7eb; box-sizing:border-box; display:block; height:834.225px; max-width:100%; vertical-align:middle; width:563.6px\" /></span></span></span></p>\r\n\r\n<p><span style=\"font-size:14px\"><span style=\"color:#000000\"><span style=\"font-family:__Inter_179fbf,__Inter_Fallback_179fbf\"><img alt=\"iphone-16-c.jpg\" src=\"https://cdn2.fptshop.com.vn/unsafe/iphone_16_c_f0f4ef1594.jpg\" style=\"--tw-border-spacing-x:0; --tw-border-spacing-y:0; --tw-ring-color:rgba(59,130,246,.5); --tw-ring-offset-color:#ffffff; --tw-ring-offset-shadow:0 0 #0000; --tw-ring-offset-width:0px; --tw-ring-shadow:0 0 #0000; --tw-rotate:0; --tw-scale-x:1; --tw-scale-y:1; --tw-scroll-snap-strictness:proximity; --tw-shadow-colored:0 0 #0000; --tw-shadow:0 0 #0000; --tw-skew-x:0; --tw-skew-y:0; --tw-translate-x:0; --tw-translate-y:0; border:0px solid #e5e7eb; box-sizing:border-box; display:block; height:736.6px; max-width:100%; vertical-align:middle; width:563.6px\" /></span></span></span></p>\r\n\r\n<p><span style=\"font-size:14px\"><span style=\"color:#000000\"><span style=\"font-family:__Inter_179fbf,__Inter_Fallback_179fbf\"><img alt=\"iphone-16-d.jpg\" src=\"https://cdn2.fptshop.com.vn/unsafe/iphone_16_d_e70863e627.jpg\" style=\"--tw-border-spacing-x:0; --tw-border-spacing-y:0; --tw-ring-color:rgba(59,130,246,.5); --tw-ring-offset-color:#ffffff; --tw-ring-offset-shadow:0 0 #0000; --tw-ring-offset-width:0px; --tw-ring-shadow:0 0 #0000; --tw-rotate:0; --tw-scale-x:1; --tw-scale-y:1; --tw-scroll-snap-strictness:proximity; --tw-shadow-colored:0 0 #0000; --tw-shadow:0 0 #0000; --tw-skew-x:0; --tw-skew-y:0; --tw-translate-x:0; --tw-translate-y:0; border:0px solid #e5e7eb; box-sizing:border-box; display:block; height:769.263px; max-width:100%; vertical-align:middle; width:563.6px\" /></span></span></span></p>\r\n\r\n<p style=\"text-align:justify\"><span style=\"font-size:14px\"><span style=\"color:#000000\"><span style=\"font-family:__Inter_179fbf,__Inter_Fallback_179fbf\"><strong>Đ&aacute;nh dấu cuộc bứt ph&aacute; về cả phần cứng v&agrave; phần mềm,&nbsp;</strong><a href=\"https://fptshop.com.vn/dien-thoai/iphone-16\" style=\"border:0px solid #e5e7eb; box-sizing:border-box; --tw-border-spacing-x:0; --tw-border-spacing-y:0; --tw-translate-x:0; --tw-translate-y:0; --tw-rotate:0; --tw-skew-x:0; --tw-skew-y:0; --tw-scale-x:1; --tw-scale-y:1; --tw-pan-x: ; --tw-pan-y: ; --tw-pinch-zoom: ; --tw-scroll-snap-strictness:proximity; --tw-gradient-from-position: ; --tw-gradient-via-position: ; --tw-gradient-to-position: ; --tw-ordinal: ; --tw-slashed-zero: ; --tw-numeric-figure: ; --tw-numeric-spacing: ; --tw-numeric-fraction: ; --tw-ring-inset: ; --tw-ring-offset-width:0px; --tw-ring-offset-color:#ffffff; --tw-ring-color:rgba(59,130,246,.5); --tw-ring-offset-shadow:0 0 #0000; --tw-ring-shadow:0 0 #0000; --tw-shadow:0 0 #0000; --tw-shadow-colored:0 0 #0000; --tw-blur: ; --tw-brightness: ; --tw-contrast: ; --tw-grayscale: ; --tw-hue-rotate: ; --tw-invert: ; --tw-saturate: ; --tw-sepia: ; --tw-drop-shadow: ; --tw-backdrop-blur: ; --tw-backdrop-brightness: ; --tw-backdrop-contrast: ; --tw-backdrop-grayscale: ; --tw-backdrop-hue-rotate: ; --tw-backdrop-invert: ; --tw-backdrop-opacity: ; --tw-backdrop-saturate: ; --tw-backdrop-sepia: ; --tw-contain-size: ; --tw-contain-layout: ; --tw-contain-paint: ; --tw-contain-style: ; color:inherit; text-decoration:inherit\"><strong>iPhone 16 thường</strong></a><strong>&nbsp;phi&ecirc;n bản 128GB sở hữu chip xử l&yacute; A18 mạnh mẽ, đồng thời được thiết kế nhằm ph&aacute;t huy hết sức mạnh của bộ c&ocirc;ng cụ Apple Intelligence. Sản phẩm c&oacute; n&uacute;t Điều Khiển Camera t&acirc;n tiến v&agrave; đạt thời lượng pin cực kỳ ấn tượng.&nbsp;</strong></span></span></span></p>\r\n\r\n<p><span style=\"font-size:14px\"><span style=\"color:#000000\"><span style=\"font-family:__Inter_179fbf,__Inter_Fallback_179fbf\"><img alt=\"iPhone 16 1\" src=\"https://cdn2.fptshop.com.vn/unsafe/800x0/iphone_16_1_04ab3981a5.jpg\" style=\"--tw-border-spacing-x:0; --tw-border-spacing-y:0; --tw-ring-color:rgba(59,130,246,.5); --tw-ring-offset-color:#ffffff; --tw-ring-offset-shadow:0 0 #0000; --tw-ring-offset-width:0px; --tw-ring-shadow:0 0 #0000; --tw-rotate:0; --tw-scale-x:1; --tw-scale-y:1; --tw-scroll-snap-strictness:proximity; --tw-shadow-colored:0 0 #0000; --tw-shadow:0 0 #0000; --tw-skew-x:0; --tw-skew-y:0; --tw-translate-x:0; --tw-translate-y:0; border:0px solid #e5e7eb; box-sizing:border-box; display:block; height:375.487px; max-width:100%; vertical-align:middle; width:563.6px\" /></span></span></span></p>\r\n\r\n<h2 style=\"text-align:justify\"><span style=\"font-size:14px\"><span style=\"color:#000000\"><span style=\"font-family:__Inter_179fbf,__Inter_Fallback_179fbf\"><span style=\"font-size:inherit\"><strong>Điều khiển camera với n&uacute;t bấm tiện dụng</strong></span></span></span></span></h2>\r\n\r\n<p style=\"text-align:justify\"><span style=\"font-size:14px\"><span style=\"color:#000000\"><span style=\"font-family:__Inter_179fbf,__Inter_Fallback_179fbf\">Trải nghiệm chụp ảnh tr&ecirc;n&nbsp;<a href=\"https://fptshop.com.vn/dien-thoai/apple-iphone\" style=\"border:0px solid #e5e7eb; box-sizing:border-box; --tw-border-spacing-x:0; --tw-border-spacing-y:0; --tw-translate-x:0; --tw-translate-y:0; --tw-rotate:0; --tw-skew-x:0; --tw-skew-y:0; --tw-scale-x:1; --tw-scale-y:1; --tw-pan-x: ; --tw-pan-y: ; --tw-pinch-zoom: ; --tw-scroll-snap-strictness:proximity; --tw-gradient-from-position: ; --tw-gradient-via-position: ; --tw-gradient-to-position: ; --tw-ordinal: ; --tw-slashed-zero: ; --tw-numeric-figure: ; --tw-numeric-spacing: ; --tw-numeric-fraction: ; --tw-ring-inset: ; --tw-ring-offset-width:0px; --tw-ring-offset-color:#ffffff; --tw-ring-color:rgba(59,130,246,.5); --tw-ring-offset-shadow:0 0 #0000; --tw-ring-shadow:0 0 #0000; --tw-shadow:0 0 #0000; --tw-shadow-colored:0 0 #0000; --tw-blur: ; --tw-brightness: ; --tw-contrast: ; --tw-grayscale: ; --tw-hue-rotate: ; --tw-invert: ; --tw-saturate: ; --tw-sepia: ; --tw-drop-shadow: ; --tw-backdrop-blur: ; --tw-backdrop-brightness: ; --tw-backdrop-contrast: ; --tw-backdrop-grayscale: ; --tw-backdrop-hue-rotate: ; --tw-backdrop-invert: ; --tw-backdrop-opacity: ; --tw-backdrop-saturate: ; --tw-backdrop-sepia: ; --tw-contain-size: ; --tw-contain-layout: ; --tw-contain-paint: ; --tw-contain-style: ; color:inherit; text-decoration:inherit\">iPhone</a>&nbsp;chưa khi n&agrave;o dễ d&agrave;ng đến thế, sự xuất hiện của n&uacute;t Điều Khiển Camera gi&uacute;p người d&ugrave;ng&nbsp;<a href=\"https://fptshop.com.vn/dien-thoai/iphone-16-series\" style=\"border:0px solid #e5e7eb; box-sizing:border-box; --tw-border-spacing-x:0; --tw-border-spacing-y:0; --tw-translate-x:0; --tw-translate-y:0; --tw-rotate:0; --tw-skew-x:0; --tw-skew-y:0; --tw-scale-x:1; --tw-scale-y:1; --tw-pan-x: ; --tw-pan-y: ; --tw-pinch-zoom: ; --tw-scroll-snap-strictness:proximity; --tw-gradient-from-position: ; --tw-gradient-via-position: ; --tw-gradient-to-position: ; --tw-ordinal: ; --tw-slashed-zero: ; --tw-numeric-figure: ; --tw-numeric-spacing: ; --tw-numeric-fraction: ; --tw-ring-inset: ; --tw-ring-offset-width:0px; --tw-ring-offset-color:#ffffff; --tw-ring-color:rgba(59,130,246,.5); --tw-ring-offset-shadow:0 0 #0000; --tw-ring-shadow:0 0 #0000; --tw-shadow:0 0 #0000; --tw-shadow-colored:0 0 #0000; --tw-blur: ; --tw-brightness: ; --tw-contrast: ; --tw-grayscale: ; --tw-hue-rotate: ; --tw-invert: ; --tw-saturate: ; --tw-sepia: ; --tw-drop-shadow: ; --tw-backdrop-blur: ; --tw-backdrop-brightness: ; --tw-backdrop-contrast: ; --tw-backdrop-grayscale: ; --tw-backdrop-hue-rotate: ; --tw-backdrop-invert: ; --tw-backdrop-opacity: ; --tw-backdrop-saturate: ; --tw-backdrop-sepia: ; --tw-contain-size: ; --tw-contain-layout: ; --tw-contain-paint: ; --tw-contain-style: ; color:inherit; text-decoration:inherit\">iPhone 16</a>&nbsp;nhanh ch&oacute;ng quay chụp trong t&iacute;ch tắc. Mỗi khi cần chuyển đổi giữa c&aacute;c chức năng nhiếp ảnh, bạn chỉ cần vuốt nhẹ ng&oacute;n tay tr&ecirc;n n&uacute;t bấm thay v&igrave; thao t&aacute;c phức tạp qua m&agrave;n h&igrave;nh như trước.</span></span></span></p>\r\n\r\n<p style=\"text-align:justify\"><span style=\"font-size:14px\"><span style=\"color:#000000\"><span style=\"font-family:__Inter_179fbf,__Inter_Fallback_179fbf\">Bạn h&atilde;y nhấn một lần nếu muốn khởi chạy camera, nhấn th&ecirc;m một lần nữa l&agrave; c&oacute; thể chụp h&igrave;nh ngay lập tức. Khi đang ở chế độ video, thao t&aacute;c nhấn một lần sẽ ra lệnh cho iPhone 16 bắt đầu ghi h&igrave;nh. Tất cả nhằm gi&uacute;p cho trải nghiệm quay chụp được thuận tiện hơn, chuy&ecirc;n nghiệp hơn.</span></span></span></p>\r\n\r\n<p><span style=\"font-size:14px\"><span style=\"color:#000000\"><span style=\"font-family:__Inter_179fbf,__Inter_Fallback_179fbf\"><img alt=\"iPhone 16 2\" src=\"https://cdn2.fptshop.com.vn/unsafe/800x0/iphone_16_2_dea53b1022.jpg\" style=\"--tw-border-spacing-x:0; --tw-border-spacing-y:0; --tw-ring-color:rgba(59,130,246,.5); --tw-ring-offset-color:#ffffff; --tw-ring-offset-shadow:0 0 #0000; --tw-ring-offset-width:0px; --tw-ring-shadow:0 0 #0000; --tw-rotate:0; --tw-scale-x:1; --tw-scale-y:1; --tw-scroll-snap-strictness:proximity; --tw-shadow-colored:0 0 #0000; --tw-shadow:0 0 #0000; --tw-skew-x:0; --tw-skew-y:0; --tw-translate-x:0; --tw-translate-y:0; border:0px solid #e5e7eb; box-sizing:border-box; display:block; height:375.487px; max-width:100%; vertical-align:middle; width:563.6px\" /></span></span></span></p>\r\n\r\n<h2 style=\"text-align:justify\"><span style=\"font-size:14px\"><span style=\"color:#000000\"><span style=\"font-family:__Inter_179fbf,__Inter_Fallback_179fbf\"><span style=\"font-size:inherit\"><strong>Camera đẳng cấp v&agrave; chụp ảnh tuyệt đẹp</strong></span></span></span></span></h2>\r\n\r\n<p style=\"text-align:justify\"><span style=\"font-size:14px\"><span style=\"color:#000000\"><span style=\"font-family:__Inter_179fbf,__Inter_Fallback_179fbf\">Với hệ thống camera thế hệ mới, iPhone 16 thể hiện năng lực nhiếp ảnh tuyệt vời. Trong đ&oacute;, camera Fusion 48MP cho ph&eacute;p chiếc&nbsp;<a href=\"https://fptshop.com.vn/dien-thoai\" style=\"border:0px solid #e5e7eb; box-sizing:border-box; --tw-border-spacing-x:0; --tw-border-spacing-y:0; --tw-translate-x:0; --tw-translate-y:0; --tw-rotate:0; --tw-skew-x:0; --tw-skew-y:0; --tw-scale-x:1; --tw-scale-y:1; --tw-pan-x: ; --tw-pan-y: ; --tw-pinch-zoom: ; --tw-scroll-snap-strictness:proximity; --tw-gradient-from-position: ; --tw-gradient-via-position: ; --tw-gradient-to-position: ; --tw-ordinal: ; --tw-slashed-zero: ; --tw-numeric-figure: ; --tw-numeric-spacing: ; --tw-numeric-fraction: ; --tw-ring-inset: ; --tw-ring-offset-width:0px; --tw-ring-offset-color:#ffffff; --tw-ring-color:rgba(59,130,246,.5); --tw-ring-offset-shadow:0 0 #0000; --tw-ring-shadow:0 0 #0000; --tw-shadow:0 0 #0000; --tw-shadow-colored:0 0 #0000; --tw-blur: ; --tw-brightness: ; --tw-contrast: ; --tw-grayscale: ; --tw-hue-rotate: ; --tw-invert: ; --tw-saturate: ; --tw-sepia: ; --tw-drop-shadow: ; --tw-backdrop-blur: ; --tw-backdrop-brightness: ; --tw-backdrop-contrast: ; --tw-backdrop-grayscale: ; --tw-backdrop-hue-rotate: ; --tw-backdrop-invert: ; --tw-backdrop-opacity: ; --tw-backdrop-saturate: ; --tw-backdrop-sepia: ; --tw-contain-size: ; --tw-contain-layout: ; --tw-contain-paint: ; --tw-contain-style: ; color:inherit; text-decoration:inherit\">điện thoại</a>&nbsp;bắt được những khu&ocirc;n h&igrave;nh tuyệt đẹp với độ ph&acirc;n giải cực cao, đồng thời thực hiện t&aacute;c vụ Telephoto đạt chất lượng quang học 2x.</span></span></span></p>\r\n\r\n<p style=\"text-align:justify\"><span style=\"font-size:14px\"><span style=\"color:#000000\"><span style=\"font-family:__Inter_179fbf,__Inter_Fallback_179fbf\">Ngo&agrave;i ra, camera Ultra Wide sẽ hỗ trợ người d&ugrave;ng chụp v&agrave; quay video macro với độ sắc n&eacute;t rất cao, đồng thời dễ d&agrave;ng thu trọn c&aacute;c bối cảnh rộng lớn v&agrave;o trong khu&ocirc;n h&igrave;nh. Ưu thế vượt trội về khẩu độ v&agrave; số lượng pixel khiến ống k&iacute;nh n&agrave;y c&oacute; thể chụp ảnh s&aacute;ng hơn đến 2,6x, thỏa sức s&aacute;ng tạo những bức ảnh tuyệt đẹp ngay cả trong c&aacute;c bối cảnh &aacute;nh s&aacute;ng yếu.</span></span></span></p>\r\n\r\n<p><span style=\"font-size:14px\"><span style=\"color:#000000\"><span style=\"font-family:__Inter_179fbf,__Inter_Fallback_179fbf\"><img alt=\"iPhone 16 3\" src=\"https://cdn2.fptshop.com.vn/unsafe/800x0/iphone_16_3_21b3c73bc6.jpg\" style=\"--tw-border-spacing-x:0; --tw-border-spacing-y:0; --tw-ring-color:rgba(59,130,246,.5); --tw-ring-offset-color:#ffffff; --tw-ring-offset-shadow:0 0 #0000; --tw-ring-offset-width:0px; --tw-ring-shadow:0 0 #0000; --tw-rotate:0; --tw-scale-x:1; --tw-scale-y:1; --tw-scroll-snap-strictness:proximity; --tw-shadow-colored:0 0 #0000; --tw-shadow:0 0 #0000; --tw-skew-x:0; --tw-skew-y:0; --tw-translate-x:0; --tw-translate-y:0; border:0px solid #e5e7eb; box-sizing:border-box; display:block; height:375.487px; max-width:100%; vertical-align:middle; width:563.6px\" /></span></span></span></p>\r\n</div>\r\n</div>\r\n</div>\r\n</div>\r\n', 'Apple', 7, 54);
INSERT INTO `sanpham` (`ma_sp`, `ten_sp`, `ngaynhap`, `mota_sanpham`, `hang_sanxuat`, `ma_danhmuc`, `ma_danhmuc_con`) VALUES
(24, 'Samsung Galaxy A06 4GB', '2024-11-19', '<h2><strong>Th&ocirc;ng tin sản phẩm</strong></h2>\r\n\r\n<p style=\"text-align:justify\">M&ocirc; tả sản phẩm</p>\r\n\r\n<p style=\"text-align:justify\"><strong>Sở hữu Galaxy A06 mới, người d&ugrave;ng sẽ bước v&agrave;o một thế giới di động đầy m&agrave;u sắc v&agrave; trải nghiệm th&uacute; vị. Với m&agrave;n h&igrave;nh si&ecirc;u lớn 6.7 inch, Galaxy A06 mở ra kh&ocirc;ng gian giải tr&iacute; rộng lớn chưa từng c&oacute;. Được trang bị những c&ocirc;ng nghệ hiện đại v&agrave; thiết kế thời thượng, điện thoại l&agrave; người bạn đồng h&agrave;nh tuyệt vời của người d&ugrave;ng trẻ trong thời đại số, hứa hẹn tiếp tục khẳng định vị thế smartphone phổ th&ocirc;ng b&aacute;n chạy nhất d&ograve;ng Galaxy A.</strong></p>\r\n\r\n<p style=\"text-align:justify\"><img alt=\" Samsung Galaxy A06\" src=\"https://cdn2.fptshop.com.vn/unsafe/800x0/Samsung_Galaxy_A06_7451a82aa2.png\" /></p>\r\n\r\n<h3 style=\"text-align:justify\"><strong>Trải nghiệm m&agrave;n h&igrave;nh si&ecirc;u lớn 6.7 inch</strong></h3>\r\n\r\n<p style=\"text-align:justify\">Galaxy A06 ấn tượng bởi m&agrave;n h&igrave;nh si&ecirc;u lớn U-Cut đến 6.7 inch, tấm nền THT v&agrave; tần số qu&eacute;t 60Hz. Đ&acirc;y l&agrave; m&agrave;n h&igrave;nh lớn nhất từ trước đến nay của d&ograve;ng Galaxy A. Nhờ m&agrave;n h&igrave;nh n&agrave;y, người d&ugrave;ng c&oacute; thể tận hưởng kh&ocirc;ng gian giải tr&iacute; tuyệt đỉnh, từ lướt mạng x&atilde; hội FaceBook, TikTok, Threads đến xem phim to&agrave;n cảnh, chơi game &ldquo;cực đ&atilde;&rdquo; với kh&ocirc;ng gian rộng r&atilde;i, thao t&aacute;c dễ d&agrave;ng. Đồng thời, m&agrave;n h&igrave;nh n&agrave;y cũng ph&ugrave; hợp để học tập với m&agrave;n h&igrave;nh lớn, t&igrave;m kiếm th&ocirc;ng tin, học online r&otilde; n&eacute;t.</p>\r\n\r\n<p style=\"text-align:justify\"><img alt=\" Màn hình Samsung Galaxy A06\" src=\"https://cdn2.fptshop.com.vn/unsafe/800x0/Samsung_Galaxy_A06_1_76798a6b94.png\" /></p>\r\n\r\n<h3 style=\"text-align:justify\"><strong>Kiểu d&aacute;ng mỏng nhẹ, sắc m&agrave;u thời thượng</strong></h3>\r\n\r\n<p style=\"text-align:justify\">Trải nghiệm n&acirc;ng tầm c&ugrave;ng Galaxy A06 với kiểu d&aacute;ng mỏng nhẹ, hiện đại, giảm đ&aacute;ng kể từ 8.8mm đến 8.0mm so với tiền nhiệm. Ch&iacute;nh v&igrave; vậy, người d&ugrave;ng sẽ sở hữu chiếc smartphone thiết kế mới, thanh mảnh, tinh tế v&agrave; hiện đại. Việc giảm độ d&agrave;y gi&uacute;p Galaxy A06 trở n&ecirc;n thẩm mỹ, đồng thời tạo cảm gi&aacute;c thoải m&aacute;i khi sử dụng trong thời gian d&agrave;i kh&ocirc;ng bị mỏi tay.</p>\r\n\r\n<p style=\"text-align:justify\"><img alt=\"Thiết kế Samsung Galaxy A06\" src=\"https://cdn2.fptshop.com.vn/unsafe/800x0/Galaxy_A06_865fc19504.png\" /></p>\r\n\r\n<p style=\"text-align:justify\">C&aacute;c sắc m&agrave;u hấp dẫn với người d&ugrave;ng Gen Z, đặc biệt l&agrave; c&aacute;c bạn học sinh, sinh vi&ecirc;n với 3 phi&ecirc;n bản Đen Tuyền, Xanh Băng v&agrave; Xanh Ngọc. Mỗi phi&ecirc;n bản đều mang đậm m&agrave;u sắc thời thượng, xu hướng mới 2024, gi&uacute;p người d&ugrave;ng dễ d&agrave;ng khẳng định bản th&acirc;n, tạo cảm gi&aacute;c h&agrave;i h&ograve;a v&agrave; dễ phối hợp với nhiều phong c&aacute;ch trang phục kh&aacute;c nhau. Bất kể bạn y&ecirc;u th&iacute;ch phong c&aacute;ch năng động, trẻ trung hay thanh lịch, nhẹ nh&agrave;ng, Galaxy A06 đều c&oacute; thể trở th&agrave;nh người bạn đồng h&agrave;nh l&yacute; tưởng trong mọi hoạt động h&agrave;ng ng&agrave;y.</p>\r\n\r\n<h3 style=\"text-align:justify\"><strong>Chụp ảnh đẹp lung linh bởi camera ch&iacute;nh 50MP</strong></h3>\r\n\r\n<p style=\"text-align:justify\">Từng khung h&igrave;nh được chụp bởi Galaxy A06 đều đẹp lung linh với camera ch&iacute;nh 50MP Đ&acirc;y l&agrave; điểm cộng lớn khi bạn kh&ocirc;ng cần chi qu&aacute; nhiều ng&acirc;n s&aacute;ch, ở tầm gi&aacute; &ldquo;hạt dẻ&rdquo;, bạn đ&atilde; c&oacute; thể trải nghiệm nhiếp ảnh chuy&ecirc;n nghiệp, chất lượng. Đ&acirc;y cũng l&agrave; thiết bị smartphone c&oacute; camera tốt nhất trong ph&acirc;n kh&uacute;c, nổi bật hơn so với nhiều đối thủ.&nbsp;</p>\r\n\r\n<p style=\"text-align:justify\"><img alt=\"Camera Samsung Galaxy A06\" src=\"https://cdn2.fptshop.com.vn/unsafe/800x0/Samsung_Galaxy_A06_3_7912a501da.png\" /></p>\r\n\r\n<p style=\"text-align:justify\">Đ&aacute;p ứng nhu cầu chụp ảnh đa dạng, Galaxy A06 c&ograve;n c&oacute; camera đo chiều s&acirc;u 2MP, để người d&ugrave;ng sở hữu tấm ảnh ch&acirc;n dung, x&oacute;a ph&ocirc;ng ấn tượng. Đi k&egrave;m đ&oacute; l&agrave; camera trước 8MP để bạn lưu giữ mọi khoảnh khắc selfie tuyệt đẹp của m&igrave;nh dễ d&agrave;ng.</p>\r\n\r\n<p><img alt=\"Camera Samsung Galaxy A06 (ảnh 2)\" src=\"https://cdn2.fptshop.com.vn/unsafe/800x0/Samsung_Galaxy_A06_5_68e4ba3ab2.jpg\" /></p>\r\n', 'Samsung', 7, 5),
(25, 'iPhone 16 Pro Max', '2024-11-20', '<h2 style=\"text-align:start\"><span style=\"font-size:28px !important\"><span style=\"color:#000000\"><span style=\"font-family:__Inter_179fbf,__Inter_Fallback_179fbf\">Th&ocirc;ng tin sản phẩm</span></span></span></h2>\r\n\r\n<div class=\"flex\" style=\"--tw-border-spacing-x:0; --tw-border-spacing-y:0; --tw-ring-offset-width:0px; border:0px solid #e5e7eb; text-align:start\">\r\n<div class=\"pr-8 w-1/2\" style=\"--tw-border-spacing-x:0; --tw-border-spacing-y:0; --tw-ring-offset-width:0px; border:0px solid #e5e7eb; padding-right:2rem !important; width:595.6px\">\r\n<div class=\"relative w-full\" style=\"--tw-border-spacing-x:0; --tw-border-spacing-y:0; --tw-ring-offset-width:0px; border:0px solid #e5e7eb; width:563.6px\">\r\n<div class=\"l6-semibold mb-2\" style=\"--tw-border-spacing-x:0; --tw-border-spacing-y:0; --tw-ring-offset-width:0px; border:0px solid #e5e7eb\"><span style=\"font-size:14px\"><span style=\"color:#000000\"><span style=\"font-family:__Inter_179fbf,__Inter_Fallback_179fbf\"><span style=\"font-size:20px !important\">M&ocirc; tả sản phẩm</span></span></span></span></div>\r\n\r\n<div style=\"--tw-border-spacing-x:0; --tw-border-spacing-y:0; --tw-ring-offset-width:0px; border:0px solid #e5e7eb\">\r\n<div class=\"Slider_sliderWrapper__pwiGJ mx-0 my-5\" style=\"--tw-border-spacing-x:0; --tw-border-spacing-y:0; --tw-ring-offset-width:0px; border:0px solid #e5e7eb; margin-bottom:20px; margin-top:20px\">\r\n<div class=\"dynamicPagination swiper swiper-horizontal swiper-initialized\" style=\"--tw-border-spacing-x:0; --tw-border-spacing-y:0; --tw-ring-offset-width:0px; border:0px solid #e5e7eb; padding:0px\">\r\n<div class=\"swiper-wrapper\" id=\"swiper-wrapper-99f738fe91cadb103\" style=\"--tw-border-spacing-x:0; --tw-border-spacing-y:0; --tw-ring-offset-width:0px; border:0px solid #e5e7eb; width:563.6px\">\r\n<div class=\"Slider_slideItem1__r6_h4 Slider_slideItem__gO4GW swiper-slide swiper-slide-active\" style=\"--tw-border-spacing-x:0; --tw-border-spacing-y:0; --tw-ring-offset-width:0px; border:0px solid #e5e7eb; width:564px\">\r\n<div class=\"flex justify-center mb:h-[229px] pc:h-[365px] relative w-full\" style=\"--tw-border-spacing-x:0; --tw-border-spacing-y:0; --tw-ring-offset-width:0px; border:0px solid #e5e7eb; width:563.6px\"><span style=\"font-size:14px\"><span style=\"color:#000000\"><span style=\"font-family:__Inter_179fbf,__Inter_Fallback_179fbf\"><img alt=\"https://fptshop.com.vn/\" src=\"https://cdn2.fptshop.com.vn/unsafe/1920x0/filters:quality(100)/i_Phone_16_Promax_1_0b7addab56.jpg\" style=\"--tw-border-spacing-x:0; --tw-border-spacing-y:0; --tw-ring-color:rgba(59,130,246,.5); --tw-ring-offset-color:#ffffff; --tw-ring-offset-shadow:0 0 #0000; --tw-ring-offset-width:0px; --tw-ring-shadow:0 0 #0000; --tw-rotate:0; --tw-scale-x:1; --tw-scale-y:1; --tw-scroll-snap-strictness:proximity; --tw-shadow-colored:0 0 #0000; --tw-shadow:0 0 #0000; --tw-skew-x:0; --tw-skew-y:0; --tw-translate-x:0; --tw-translate-y:0; border:0px solid #e5e7eb; box-sizing:border-box; color:transparent; display:block; height:365px; inset:0px; max-width:100%; position:absolute; vertical-align:middle; width:563.6px\" /></span></span></span></div>\r\n</div>\r\n\r\n<div class=\"Slider_slideItem1__r6_h4 Slider_slideItem__gO4GW swiper-slide swiper-slide-next\" style=\"--tw-border-spacing-x:0; --tw-border-spacing-y:0; --tw-ring-offset-width:0px; border:0px solid #e5e7eb; width:564px\">\r\n<div class=\"flex justify-center mb:h-[229px] pc:h-[365px] relative w-full\" style=\"--tw-border-spacing-x:0; --tw-border-spacing-y:0; --tw-ring-offset-width:0px; border:0px solid #e5e7eb; width:563.6px\"><span style=\"font-size:14px\"><span style=\"color:#000000\"><span style=\"font-family:__Inter_179fbf,__Inter_Fallback_179fbf\"><img alt=\"https://fptshop.com.vn/\" src=\"https://cdn2.fptshop.com.vn/unsafe/1920x0/filters:quality(100)/i_Phone_16_Promax_2_883d8bef17.jpg\" style=\"--tw-border-spacing-x:0; --tw-border-spacing-y:0; --tw-ring-color:rgba(59,130,246,.5); --tw-ring-offset-color:#ffffff; --tw-ring-offset-shadow:0 0 #0000; --tw-ring-offset-width:0px; --tw-ring-shadow:0 0 #0000; --tw-rotate:0; --tw-scale-x:1; --tw-scale-y:1; --tw-scroll-snap-strictness:proximity; --tw-shadow-colored:0 0 #0000; --tw-shadow:0 0 #0000; --tw-skew-x:0; --tw-skew-y:0; --tw-translate-x:0; --tw-translate-y:0; border:0px solid #e5e7eb; box-sizing:border-box; color:transparent; display:block; height:365px; inset:0px; max-width:100%; position:absolute; vertical-align:middle; width:563.6px\" /></span></span></span></div>\r\n</div>\r\n\r\n<div class=\"Slider_slideItem1__r6_h4 Slider_slideItem__gO4GW swiper-slide\" style=\"--tw-border-spacing-x:0; --tw-border-spacing-y:0; --tw-ring-offset-width:0px; border:0px solid #e5e7eb; width:564px\">\r\n<div class=\"flex justify-center mb:h-[229px] pc:h-[365px] relative w-full\" style=\"--tw-border-spacing-x:0; --tw-border-spacing-y:0; --tw-ring-offset-width:0px; border:0px solid #e5e7eb; width:563.6px\"><span style=\"font-size:14px\"><span style=\"color:#000000\"><span style=\"font-family:__Inter_179fbf,__Inter_Fallback_179fbf\"><img alt=\"https://fptshop.com.vn/\" src=\"https://cdn2.fptshop.com.vn/unsafe/1920x0/filters:quality(100)/i_Phone_16_Promax_3_1596a778c8.jpg\" style=\"--tw-border-spacing-x:0; --tw-border-spacing-y:0; --tw-ring-color:rgba(59,130,246,.5); --tw-ring-offset-color:#ffffff; --tw-ring-offset-shadow:0 0 #0000; --tw-ring-offset-width:0px; --tw-ring-shadow:0 0 #0000; --tw-rotate:0; --tw-scale-x:1; --tw-scale-y:1; --tw-scroll-snap-strictness:proximity; --tw-shadow-colored:0 0 #0000; --tw-shadow:0 0 #0000; --tw-skew-x:0; --tw-skew-y:0; --tw-translate-x:0; --tw-translate-y:0; border:0px solid #e5e7eb; box-sizing:border-box; color:transparent; display:block; height:365px; inset:0px; max-width:100%; position:absolute; vertical-align:middle; width:563.6px\" /></span></span></span></div>\r\n</div>\r\n\r\n<div class=\"Slider_slideItem1__r6_h4 Slider_slideItem__gO4GW swiper-slide\" style=\"--tw-border-spacing-x:0; --tw-border-spacing-y:0; --tw-ring-offset-width:0px; border:0px solid #e5e7eb; width:564px\">\r\n<div class=\"flex justify-center mb:h-[229px] pc:h-[365px] relative w-full\" style=\"--tw-border-spacing-x:0; --tw-border-spacing-y:0; --tw-ring-offset-width:0px; border:0px solid #e5e7eb; width:563.6px\"><span style=\"font-size:14px\"><span style=\"color:#000000\"><span style=\"font-family:__Inter_179fbf,__Inter_Fallback_179fbf\"><img alt=\"https://fptshop.com.vn/\" src=\"https://cdn2.fptshop.com.vn/unsafe/1920x0/filters:quality(100)/i_Phone_16_Promax_4_f691c737d6.jpg\" style=\"--tw-border-spacing-x:0; --tw-border-spacing-y:0; --tw-ring-color:rgba(59,130,246,.5); --tw-ring-offset-color:#ffffff; --tw-ring-offset-shadow:0 0 #0000; --tw-ring-offset-width:0px; --tw-ring-shadow:0 0 #0000; --tw-rotate:0; --tw-scale-x:1; --tw-scale-y:1; --tw-scroll-snap-strictness:proximity; --tw-shadow-colored:0 0 #0000; --tw-shadow:0 0 #0000; --tw-skew-x:0; --tw-skew-y:0; --tw-translate-x:0; --tw-translate-y:0; background-image:url(&quot;data:image/svg+xml; background-position:50% 50%; background-repeat:no-repeat; background-size:cover; border:0px solid #e5e7eb; box-sizing:border-box; color:transparent; display:block; height:365px; inset:0px; max-width:100%; position:absolute; vertical-align:middle; width:563.6px\" /></span></span></span></div>\r\n</div>\r\n\r\n<div class=\"Slider_slideItem1__r6_h4 Slider_slideItem__gO4GW swiper-slide\" style=\"--tw-border-spacing-x:0; --tw-border-spacing-y:0; --tw-ring-offset-width:0px; border:0px solid #e5e7eb; width:564px\">\r\n<div class=\"flex justify-center mb:h-[229px] pc:h-[365px] relative w-full\" style=\"--tw-border-spacing-x:0; --tw-border-spacing-y:0; --tw-ring-offset-width:0px; border:0px solid #e5e7eb; width:563.6px\"><span style=\"font-size:14px\"><span style=\"color:#000000\"><span style=\"font-family:__Inter_179fbf,__Inter_Fallback_179fbf\"><img alt=\"https://fptshop.com.vn/\" src=\"https://cdn2.fptshop.com.vn/unsafe/1920x0/filters:quality(100)/i_Phone_16_Promax_5_6d33c04add.jpg\" style=\"--tw-border-spacing-x:0; --tw-border-spacing-y:0; --tw-ring-color:rgba(59,130,246,.5); --tw-ring-offset-color:#ffffff; --tw-ring-offset-shadow:0 0 #0000; --tw-ring-offset-width:0px; --tw-ring-shadow:0 0 #0000; --tw-rotate:0; --tw-scale-x:1; --tw-scale-y:1; --tw-scroll-snap-strictness:proximity; --tw-shadow-colored:0 0 #0000; --tw-shadow:0 0 #0000; --tw-skew-x:0; --tw-skew-y:0; --tw-translate-x:0; --tw-translate-y:0; background-image:url(&quot;data:image/svg+xml; background-position:50% 50%; background-repeat:no-repeat; background-size:cover; border:0px solid #e5e7eb; box-sizing:border-box; color:transparent; display:block; height:365px; inset:0px; max-width:100%; position:absolute; vertical-align:middle; width:563.6px\" /></span></span></span></div>\r\n</div>\r\n\r\n<div class=\"Slider_slideItem1__r6_h4 Slider_slideItem__gO4GW swiper-slide\" style=\"--tw-border-spacing-x:0; --tw-border-spacing-y:0; --tw-ring-offset-width:0px; border:0px solid #e5e7eb; width:564px\">\r\n<div class=\"flex justify-center mb:h-[229px] pc:h-[365px] relative w-full\" style=\"--tw-border-spacing-x:0; --tw-border-spacing-y:0; --tw-ring-offset-width:0px; border:0px solid #e5e7eb; width:563.6px\"><span style=\"font-size:14px\"><span style=\"color:#000000\"><span style=\"font-family:__Inter_179fbf,__Inter_Fallback_179fbf\"><img alt=\"https://fptshop.com.vn/\" src=\"https://cdn2.fptshop.com.vn/unsafe/1920x0/filters:quality(100)/i_Phone_16_Promax_6_1af8256d1e.jpg\" style=\"--tw-border-spacing-x:0; --tw-border-spacing-y:0; --tw-ring-color:rgba(59,130,246,.5); --tw-ring-offset-color:#ffffff; --tw-ring-offset-shadow:0 0 #0000; --tw-ring-offset-width:0px; --tw-ring-shadow:0 0 #0000; --tw-rotate:0; --tw-scale-x:1; --tw-scale-y:1; --tw-scroll-snap-strictness:proximity; --tw-shadow-colored:0 0 #0000; --tw-shadow:0 0 #0000; --tw-skew-x:0; --tw-skew-y:0; --tw-translate-x:0; --tw-translate-y:0; background-image:url(&quot;data:image/svg+xml; background-position:50% 50%; background-repeat:no-repeat; background-size:cover; border:0px solid #e5e7eb; box-sizing:border-box; color:transparent; display:block; height:365px; inset:0px; max-width:100%; position:absolute; vertical-align:middle; width:563.6px\" /></span></span></span></div>\r\n</div>\r\n\r\n<div class=\"Slider_slideItem1__r6_h4 Slider_slideItem__gO4GW swiper-slide\" style=\"--tw-border-spacing-x:0; --tw-border-spacing-y:0; --tw-ring-offset-width:0px; border:0px solid #e5e7eb; width:564px\">\r\n<div class=\"flex justify-center mb:h-[229px] pc:h-[365px] relative w-full\" style=\"--tw-border-spacing-x:0; --tw-border-spacing-y:0; --tw-ring-offset-width:0px; border:0px solid #e5e7eb; width:563.6px\"><span style=\"font-size:14px\"><span style=\"color:#000000\"><span style=\"font-family:__Inter_179fbf,__Inter_Fallback_179fbf\"><img alt=\"https://fptshop.com.vn/\" src=\"https://cdn2.fptshop.com.vn/unsafe/1920x0/filters:quality(100)/i_Phone_16_Promax_7_090dfd4f7f.jpg\" style=\"--tw-border-spacing-x:0; --tw-border-spacing-y:0; --tw-ring-color:rgba(59,130,246,.5); --tw-ring-offset-color:#ffffff; --tw-ring-offset-shadow:0 0 #0000; --tw-ring-offset-width:0px; --tw-ring-shadow:0 0 #0000; --tw-rotate:0; --tw-scale-x:1; --tw-scale-y:1; --tw-scroll-snap-strictness:proximity; --tw-shadow-colored:0 0 #0000; --tw-shadow:0 0 #0000; --tw-skew-x:0; --tw-skew-y:0; --tw-translate-x:0; --tw-translate-y:0; background-image:url(&quot;data:image/svg+xml; background-position:50% 50%; background-repeat:no-repeat; background-size:cover; border:0px solid #e5e7eb; box-sizing:border-box; color:transparent; display:block; height:365px; inset:0px; max-width:100%; position:absolute; vertical-align:middle; width:563.6px\" /></span></span></span></div>\r\n</div>\r\n\r\n<div class=\"Slider_slideItem1__r6_h4 Slider_slideItem__gO4GW swiper-slide\" style=\"--tw-border-spacing-x:0; --tw-border-spacing-y:0; --tw-ring-offset-width:0px; border:0px solid #e5e7eb; width:564px\">\r\n<div class=\"flex justify-center mb:h-[229px] pc:h-[365px] relative w-full\" style=\"--tw-border-spacing-x:0; --tw-border-spacing-y:0; --tw-ring-offset-width:0px; border:0px solid #e5e7eb; width:563.6px\"><span style=\"font-size:14px\"><span style=\"color:#000000\"><span style=\"font-family:__Inter_179fbf,__Inter_Fallback_179fbf\"><img alt=\"https://fptshop.com.vn/\" src=\"https://cdn2.fptshop.com.vn/unsafe/1920x0/filters:quality(100)/i_Phone_16_Promax_8_fd26e2e690.jpg\" style=\"--tw-border-spacing-x:0; --tw-border-spacing-y:0; --tw-ring-color:rgba(59,130,246,.5); --tw-ring-offset-color:#ffffff; --tw-ring-offset-shadow:0 0 #0000; --tw-ring-offset-width:0px; --tw-ring-shadow:0 0 #0000; --tw-rotate:0; --tw-scale-x:1; --tw-scale-y:1; --tw-scroll-snap-strictness:proximity; --tw-shadow-colored:0 0 #0000; --tw-shadow:0 0 #0000; --tw-skew-x:0; --tw-skew-y:0; --tw-translate-x:0; --tw-translate-y:0; background-image:url(&quot;data:image/svg+xml; background-position:50% 50%; background-repeat:no-repeat; background-size:cover; border:0px solid #e5e7eb; box-sizing:border-box; color:transparent; display:block; height:365px; inset:0px; max-width:100%; position:absolute; vertical-align:middle; width:563.6px\" /></span></span></span></div>\r\n</div>\r\n\r\n<div class=\"Slider_slideItem1__r6_h4 Slider_slideItem__gO4GW swiper-slide\" style=\"--tw-border-spacing-x:0; --tw-border-spacing-y:0; --tw-ring-offset-width:0px; border:0px solid #e5e7eb; width:564px\">\r\n<div class=\"flex justify-center mb:h-[229px] pc:h-[365px] relative w-full\" style=\"--tw-border-spacing-x:0; --tw-border-spacing-y:0; --tw-ring-offset-width:0px; border:0px solid #e5e7eb; width:563.6px\"><span style=\"font-size:14px\"><span style=\"color:#000000\"><span style=\"font-family:__Inter_179fbf,__Inter_Fallback_179fbf\"><img alt=\"https://fptshop.com.vn/\" src=\"https://cdn2.fptshop.com.vn/unsafe/1920x0/filters:quality(100)/i_Phone_16_Promax_9_7e3701ae69.jpg\" style=\"--tw-border-spacing-x:0; --tw-border-spacing-y:0; --tw-ring-color:rgba(59,130,246,.5); --tw-ring-offset-color:#ffffff; --tw-ring-offset-shadow:0 0 #0000; --tw-ring-offset-width:0px; --tw-ring-shadow:0 0 #0000; --tw-rotate:0; --tw-scale-x:1; --tw-scale-y:1; --tw-scroll-snap-strictness:proximity; --tw-shadow-colored:0 0 #0000; --tw-shadow:0 0 #0000; --tw-skew-x:0; --tw-skew-y:0; --tw-translate-x:0; --tw-translate-y:0; background-image:url(&quot;data:image/svg+xml; background-position:50% 50%; background-repeat:no-repeat; background-size:cover; border:0px solid #e5e7eb; box-sizing:border-box; color:transparent; display:block; height:365px; inset:0px; max-width:100%; position:absolute; vertical-align:middle; width:563.6px\" /></span></span></span></div>\r\n</div>\r\n\r\n<div class=\"Slider_slideItem1__r6_h4 Slider_slideItem__gO4GW swiper-slide\" style=\"--tw-border-spacing-x:0; --tw-border-spacing-y:0; --tw-ring-offset-width:0px; border:0px solid #e5e7eb; width:564px\">\r\n<div class=\"flex justify-center mb:h-[229px] pc:h-[365px] relative w-full\" style=\"--tw-border-spacing-x:0; --tw-border-spacing-y:0; --tw-ring-offset-width:0px; border:0px solid #e5e7eb; width:563.6px\"><span style=\"font-size:14px\"><span style=\"color:#000000\"><span style=\"font-family:__Inter_179fbf,__Inter_Fallback_179fbf\"><img alt=\"https://fptshop.com.vn/\" src=\"https://cdn2.fptshop.com.vn/unsafe/1920x0/filters:quality(100)/i_Phone_16_Promax_10_878933b1ce.jpg\" style=\"--tw-border-spacing-x:0; --tw-border-spacing-y:0; --tw-ring-color:rgba(59,130,246,.5); --tw-ring-offset-color:#ffffff; --tw-ring-offset-shadow:0 0 #0000; --tw-ring-offset-width:0px; --tw-ring-shadow:0 0 #0000; --tw-rotate:0; --tw-scale-x:1; --tw-scale-y:1; --tw-scroll-snap-strictness:proximity; --tw-shadow-colored:0 0 #0000; --tw-shadow:0 0 #0000; --tw-skew-x:0; --tw-skew-y:0; --tw-translate-x:0; --tw-translate-y:0; background-image:url(&quot;data:image/svg+xml; background-position:50% 50%; background-repeat:no-repeat; background-size:cover; border:0px solid #e5e7eb; box-sizing:border-box; color:transparent; display:block; height:365px; inset:0px; max-width:100%; position:absolute; vertical-align:middle; width:563.6px\" /></span></span></span></div>\r\n</div>\r\n\r\n<div class=\"Slider_slideItem1__r6_h4 Slider_slideItem__gO4GW swiper-slide\" style=\"--tw-border-spacing-x:0; --tw-border-spacing-y:0; --tw-ring-offset-width:0px; border:0px solid #e5e7eb; width:564px\">\r\n<div class=\"flex justify-center mb:h-[229px] pc:h-[365px] relative w-full\" style=\"--tw-border-spacing-x:0; --tw-border-spacing-y:0; --tw-ring-offset-width:0px; border:0px solid #e5e7eb; width:563.6px\"><span style=\"font-size:14px\"><span style=\"color:#000000\"><span style=\"font-family:__Inter_179fbf,__Inter_Fallback_179fbf\"><img alt=\"https://fptshop.com.vn/\" src=\"https://cdn2.fptshop.com.vn/unsafe/1920x0/filters:quality(100)/i_Phone_16_Promax_11_2ee05e236a.jpg\" style=\"--tw-border-spacing-x:0; --tw-border-spacing-y:0; --tw-ring-color:rgba(59,130,246,.5); --tw-ring-offset-color:#ffffff; --tw-ring-offset-shadow:0 0 #0000; --tw-ring-offset-width:0px; --tw-ring-shadow:0 0 #0000; --tw-rotate:0; --tw-scale-x:1; --tw-scale-y:1; --tw-scroll-snap-strictness:proximity; --tw-shadow-colored:0 0 #0000; --tw-shadow:0 0 #0000; --tw-skew-x:0; --tw-skew-y:0; --tw-translate-x:0; --tw-translate-y:0; background-image:url(&quot;data:image/svg+xml; background-position:50% 50%; background-repeat:no-repeat; background-size:cover; border:0px solid #e5e7eb; box-sizing:border-box; color:transparent; display:block; height:365px; inset:0px; max-width:100%; position:absolute; vertical-align:middle; width:563.6px\" /></span></span></span></div>\r\n</div>\r\n\r\n<div class=\"Slider_slideItem1__r6_h4 Slider_slideItem__gO4GW swiper-slide\" style=\"--tw-border-spacing-x:0; --tw-border-spacing-y:0; --tw-ring-offset-width:0px; border:0px solid #e5e7eb; width:564px\">\r\n<div class=\"flex justify-center mb:h-[229px] pc:h-[365px] relative w-full\" style=\"--tw-border-spacing-x:0; --tw-border-spacing-y:0; --tw-ring-offset-width:0px; border:0px solid #e5e7eb; width:563.6px\"><span style=\"font-size:14px\"><span style=\"color:#000000\"><span style=\"font-family:__Inter_179fbf,__Inter_Fallback_179fbf\"><img alt=\"https://fptshop.com.vn/\" src=\"https://cdn2.fptshop.com.vn/unsafe/1920x0/filters:quality(100)/i_Phone_16_Promax_12_b58cf20c66.jpg\" style=\"--tw-border-spacing-x:0; --tw-border-spacing-y:0; --tw-ring-color:rgba(59,130,246,.5); --tw-ring-offset-color:#ffffff; --tw-ring-offset-shadow:0 0 #0000; --tw-ring-offset-width:0px; --tw-ring-shadow:0 0 #0000; --tw-rotate:0; --tw-scale-x:1; --tw-scale-y:1; --tw-scroll-snap-strictness:proximity; --tw-shadow-colored:0 0 #0000; --tw-shadow:0 0 #0000; --tw-skew-x:0; --tw-skew-y:0; --tw-translate-x:0; --tw-translate-y:0; background-image:url(&quot;data:image/svg+xml; background-position:50% 50%; background-repeat:no-repeat; background-size:cover; border:0px solid #e5e7eb; box-sizing:border-box; color:transparent; display:block; height:365px; inset:0px; max-width:100%; position:absolute; vertical-align:middle; width:563.6px\" /></span></span></span></div>\r\n</div>\r\n\r\n<div class=\"Slider_slideItem1__r6_h4 Slider_slideItem__gO4GW swiper-slide\" style=\"--tw-border-spacing-x:0; --tw-border-spacing-y:0; --tw-ring-offset-width:0px; border:0px solid #e5e7eb; width:564px\">\r\n<div class=\"flex justify-center mb:h-[229px] pc:h-[365px] relative w-full\" style=\"--tw-border-spacing-x:0; --tw-border-spacing-y:0; --tw-ring-offset-width:0px; border:0px solid #e5e7eb; width:563.6px\"><span style=\"font-size:14px\"><span style=\"color:#000000\"><span style=\"font-family:__Inter_179fbf,__Inter_Fallback_179fbf\"><img alt=\"https://fptshop.com.vn/\" src=\"https://cdn2.fptshop.com.vn/unsafe/1920x0/filters:quality(100)/i_Phone_16_Promax_13_84890799da.jpg\" style=\"--tw-border-spacing-x:0; --tw-border-spacing-y:0; --tw-ring-color:rgba(59,130,246,.5); --tw-ring-offset-color:#ffffff; --tw-ring-offset-shadow:0 0 #0000; --tw-ring-offset-width:0px; --tw-ring-shadow:0 0 #0000; --tw-rotate:0; --tw-scale-x:1; --tw-scale-y:1; --tw-scroll-snap-strictness:proximity; --tw-shadow-colored:0 0 #0000; --tw-shadow:0 0 #0000; --tw-skew-x:0; --tw-skew-y:0; --tw-translate-x:0; --tw-translate-y:0; background-image:url(&quot;data:image/svg+xml; background-position:50% 50%; background-repeat:no-repeat; background-size:cover; border:0px solid #e5e7eb; box-sizing:border-box; color:transparent; display:block; height:365px; inset:0px; max-width:100%; position:absolute; vertical-align:middle; width:563.6px\" /></span></span></span></div>\r\n</div>\r\n\r\n<div class=\"Slider_slideItem1__r6_h4 Slider_slideItem__gO4GW swiper-slide\" style=\"--tw-border-spacing-x:0; --tw-border-spacing-y:0; --tw-ring-offset-width:0px; border:0px solid #e5e7eb; width:564px\">\r\n<div class=\"flex justify-center mb:h-[229px] pc:h-[365px] relative w-full\" style=\"--tw-border-spacing-x:0; --tw-border-spacing-y:0; --tw-ring-offset-width:0px; border:0px solid #e5e7eb; width:563.6px\"><span style=\"font-size:14px\"><span style=\"color:#000000\"><span style=\"font-family:__Inter_179fbf,__Inter_Fallback_179fbf\"><img alt=\"https://fptshop.com.vn/\" src=\"https://cdn2.fptshop.com.vn/unsafe/1920x0/filters:quality(100)/i_Phone_16_Promax_16_be728dc64a.jpg\" style=\"--tw-border-spacing-x:0; --tw-border-spacing-y:0; --tw-ring-color:rgba(59,130,246,.5); --tw-ring-offset-color:#ffffff; --tw-ring-offset-shadow:0 0 #0000; --tw-ring-offset-width:0px; --tw-ring-shadow:0 0 #0000; --tw-rotate:0; --tw-scale-x:1; --tw-scale-y:1; --tw-scroll-snap-strictness:proximity; --tw-shadow-colored:0 0 #0000; --tw-shadow:0 0 #0000; --tw-skew-x:0; --tw-skew-y:0; --tw-translate-x:0; --tw-translate-y:0; background-image:url(&quot;data:image/svg+xml; background-position:50% 50%; background-repeat:no-repeat; background-size:cover; border:0px solid #e5e7eb; box-sizing:border-box; color:transparent; display:block; height:365px; inset:0px; max-width:100%; position:absolute; vertical-align:middle; width:563.6px\" /></span></span></span></div>\r\n</div>\r\n\r\n<div class=\"Slider_slideItem1__r6_h4 Slider_slideItem__gO4GW swiper-slide\" style=\"--tw-border-spacing-x:0; --tw-border-spacing-y:0; --tw-ring-offset-width:0px; border:0px solid #e5e7eb; width:564px\">\r\n<div class=\"flex justify-center mb:h-[229px] pc:h-[365px] relative w-full\" style=\"--tw-border-spacing-x:0; --tw-border-spacing-y:0; --tw-ring-offset-width:0px; border:0px solid #e5e7eb; width:563.6px\"><span style=\"font-size:14px\"><span style=\"color:#000000\"><span style=\"font-family:__Inter_179fbf,__Inter_Fallback_179fbf\"><img alt=\"https://fptshop.com.vn/\" src=\"https://cdn2.fptshop.com.vn/unsafe/1920x0/filters:quality(100)/i_Phone_16_Promax_14_0fc9f135f3.jpg\" style=\"--tw-border-spacing-x:0; --tw-border-spacing-y:0; --tw-ring-color:rgba(59,130,246,.5); --tw-ring-offset-color:#ffffff; --tw-ring-offset-shadow:0 0 #0000; --tw-ring-offset-width:0px; --tw-ring-shadow:0 0 #0000; --tw-rotate:0; --tw-scale-x:1; --tw-scale-y:1; --tw-scroll-snap-strictness:proximity; --tw-shadow-colored:0 0 #0000; --tw-shadow:0 0 #0000; --tw-skew-x:0; --tw-skew-y:0; --tw-translate-x:0; --tw-translate-y:0; background-image:url(&quot;data:image/svg+xml; background-position:50% 50%; background-repeat:no-repeat; background-size:cover; border:0px solid #e5e7eb; box-sizing:border-box; color:transparent; display:block; height:365px; inset:0px; max-width:100%; position:absolute; vertical-align:middle; width:563.6px\" /></span></span></span></div>\r\n</div>\r\n\r\n<div class=\"Slider_slideItem1__r6_h4 Slider_slideItem__gO4GW swiper-slide\" style=\"--tw-border-spacing-x:0; --tw-border-spacing-y:0; --tw-ring-offset-width:0px; border:0px solid #e5e7eb; width:564px\">\r\n<div class=\"flex justify-center mb:h-[229px] pc:h-[365px] relative w-full\" style=\"--tw-border-spacing-x:0; --tw-border-spacing-y:0; --tw-ring-offset-width:0px; border:0px solid #e5e7eb; width:563.6px\"><span style=\"font-size:14px\"><span style=\"color:#000000\"><span style=\"font-family:__Inter_179fbf,__Inter_Fallback_179fbf\"><img alt=\"https://fptshop.com.vn/\" src=\"https://cdn2.fptshop.com.vn/unsafe/1920x0/filters:quality(100)/i_Phone_16_Promax_15_1cc7bd61de.jpg\" style=\"--tw-border-spacing-x:0; --tw-border-spacing-y:0; --tw-ring-color:rgba(59,130,246,.5); --tw-ring-offset-color:#ffffff; --tw-ring-offset-shadow:0 0 #0000; --tw-ring-offset-width:0px; --tw-ring-shadow:0 0 #0000; --tw-rotate:0; --tw-scale-x:1; --tw-scale-y:1; --tw-scroll-snap-strictness:proximity; --tw-shadow-colored:0 0 #0000; --tw-shadow:0 0 #0000; --tw-skew-x:0; --tw-skew-y:0; --tw-translate-x:0; --tw-translate-y:0; background-image:url(&quot;data:image/svg+xml; background-position:50% 50%; background-repeat:no-repeat; background-size:cover; border:0px solid #e5e7eb; box-sizing:border-box; color:transparent; display:block; height:365px; inset:0px; max-width:100%; position:absolute; vertical-align:middle; width:563.6px\" /></span></span></span></div>\r\n</div>\r\n\r\n<div class=\"Slider_slideItem1__r6_h4 Slider_slideItem__gO4GW swiper-slide\" style=\"--tw-border-spacing-x:0; --tw-border-spacing-y:0; --tw-ring-offset-width:0px; border:0px solid #e5e7eb; width:564px\">\r\n<div class=\"flex justify-center mb:h-[229px] pc:h-[365px] relative w-full\" style=\"--tw-border-spacing-x:0; --tw-border-spacing-y:0; --tw-ring-offset-width:0px; border:0px solid #e5e7eb; width:563.6px\"><span style=\"font-size:14px\"><span style=\"color:#000000\"><span style=\"font-family:__Inter_179fbf,__Inter_Fallback_179fbf\"><img alt=\"https://fptshop.com.vn/\" src=\"https://cdn2.fptshop.com.vn/unsafe/1920x0/filters:quality(100)/i_Phone_16_Promax_17_192962babd.jpg\" style=\"--tw-border-spacing-x:0; --tw-border-spacing-y:0; --tw-ring-color:rgba(59,130,246,.5); --tw-ring-offset-color:#ffffff; --tw-ring-offset-shadow:0 0 #0000; --tw-ring-offset-width:0px; --tw-ring-shadow:0 0 #0000; --tw-rotate:0; --tw-scale-x:1; --tw-scale-y:1; --tw-scroll-snap-strictness:proximity; --tw-shadow-colored:0 0 #0000; --tw-shadow:0 0 #0000; --tw-skew-x:0; --tw-skew-y:0; --tw-translate-x:0; --tw-translate-y:0; background-image:url(&quot;data:image/svg+xml; background-position:50% 50%; background-repeat:no-repeat; background-size:cover; border:0px solid #e5e7eb; box-sizing:border-box; color:transparent; display:block; height:365px; inset:0px; max-width:100%; position:absolute; vertical-align:middle; width:563.6px\" /></span></span></span></div>\r\n</div>\r\n\r\n<div class=\"Slider_slideItem1__r6_h4 Slider_slideItem__gO4GW swiper-slide\" style=\"--tw-border-spacing-x:0; --tw-border-spacing-y:0; --tw-ring-offset-width:0px; border:0px solid #e5e7eb; width:564px\">\r\n<div class=\"flex justify-center mb:h-[229px] pc:h-[365px] relative w-full\" style=\"--tw-border-spacing-x:0; --tw-border-spacing-y:0; --tw-ring-offset-width:0px; border:0px solid #e5e7eb; width:563.6px\"><span style=\"font-size:14px\"><span style=\"color:#000000\"><span style=\"font-family:__Inter_179fbf,__Inter_Fallback_179fbf\"><img alt=\"https://fptshop.com.vn/\" src=\"https://cdn2.fptshop.com.vn/unsafe/1920x0/filters:quality(100)/i_Phone_16_Promax_18_3e78406076.jpg\" style=\"--tw-border-spacing-x:0; --tw-border-spacing-y:0; --tw-ring-color:rgba(59,130,246,.5); --tw-ring-offset-color:#ffffff; --tw-ring-offset-shadow:0 0 #0000; --tw-ring-offset-width:0px; --tw-ring-shadow:0 0 #0000; --tw-rotate:0; --tw-scale-x:1; --tw-scale-y:1; --tw-scroll-snap-strictness:proximity; --tw-shadow-colored:0 0 #0000; --tw-shadow:0 0 #0000; --tw-skew-x:0; --tw-skew-y:0; --tw-translate-x:0; --tw-translate-y:0; background-image:url(&quot;data:image/svg+xml; background-position:50% 50%; background-repeat:no-repeat; background-size:cover; border:0px solid #e5e7eb; box-sizing:border-box; color:transparent; display:block; height:365px; inset:0px; max-width:100%; position:absolute; vertical-align:middle; width:563.6px\" /></span></span></span></div>\r\n</div>\r\n</div>\r\n\r\n<div class=\"swiper-pagination swiper-pagination-bullets swiper-pagination-bullets-dynamic swiper-pagination-horizontal\" style=\"--tw-border-spacing-x:0; --tw-border-spacing-y:0; --tw-ring-offset-width:0px; border-radius:100px; border:0px solid #e5e7eb; padding-top:3px; text-align:center; width:80px\">&nbsp;</div>\r\n</div>\r\n\r\n<div class=\"Slider_carouselArrow__cw8ga\" style=\"--tw-border-spacing-x:0; --tw-border-spacing-y:0; --tw-ring-offset-width:0px; border:0px solid #e5e7eb\">&nbsp;</div>\r\n</div>\r\n</div>\r\n\r\n<div class=\"description-container overflow-hidden\" style=\"--tw-border-spacing-x:0; --tw-border-spacing-y:0; --tw-ring-offset-width:0px; border:0px solid #e5e7eb\">\r\n<p><span style=\"font-size:14px\"><span style=\"color:#000000\"><span style=\"font-family:__Inter_179fbf,__Inter_Fallback_179fbf\"><img alt=\"iPhone 16 Pro Max\" src=\"https://cdn2.fptshop.com.vn/unsafe/800x0/iphone_16_pro_max_1_0494464855.jpg\" style=\"--tw-border-spacing-x:0; --tw-border-spacing-y:0; --tw-ring-color:rgba(59,130,246,.5); --tw-ring-offset-color:#ffffff; --tw-ring-offset-shadow:0 0 #0000; --tw-ring-offset-width:0px; --tw-ring-shadow:0 0 #0000; --tw-rotate:0; --tw-scale-x:1; --tw-scale-y:1; --tw-scroll-snap-strictness:proximity; --tw-shadow-colored:0 0 #0000; --tw-shadow:0 0 #0000; --tw-skew-x:0; --tw-skew-y:0; --tw-translate-x:0; --tw-translate-y:0; border:0px solid #e5e7eb; box-sizing:border-box; display:block; height:375.487px; max-width:100%; vertical-align:middle; width:563.6px\" /></span></span></span></p>\r\n\r\n<p><span style=\"font-size:14px\"><span style=\"color:#000000\"><span style=\"font-family:__Inter_179fbf,__Inter_Fallback_179fbf\"><img alt=\"Hình ảnh iPhone 16 Pro Max (2)\" src=\"https://cdn2.fptshop.com.vn/unsafe/800x0/iphone_16_pro_1_b39256da3c.jpg\" style=\"--tw-border-spacing-x:0; --tw-border-spacing-y:0; --tw-ring-color:rgba(59,130,246,.5); --tw-ring-offset-color:#ffffff; --tw-ring-offset-shadow:0 0 #0000; --tw-ring-offset-width:0px; --tw-ring-shadow:0 0 #0000; --tw-rotate:0; --tw-scale-x:1; --tw-scale-y:1; --tw-scroll-snap-strictness:proximity; --tw-shadow-colored:0 0 #0000; --tw-shadow:0 0 #0000; --tw-skew-x:0; --tw-skew-y:0; --tw-translate-x:0; --tw-translate-y:0; border:0px solid #e5e7eb; box-sizing:border-box; display:block; height:598.112px; max-width:100%; vertical-align:middle; width:563.6px\" /></span></span></span></p>\r\n\r\n<p><span style=\"font-size:14px\"><span style=\"color:#000000\"><span style=\"font-family:__Inter_179fbf,__Inter_Fallback_179fbf\"><img alt=\"Hình ảnh iPhone 16 Pro Max (3)\" src=\"https://cdn2.fptshop.com.vn/unsafe/800x0/iphone_16_pro_2_35e46c287c.jpg\" style=\"--tw-border-spacing-x:0; --tw-border-spacing-y:0; --tw-ring-color:rgba(59,130,246,.5); --tw-ring-offset-color:#ffffff; --tw-ring-offset-shadow:0 0 #0000; --tw-ring-offset-width:0px; --tw-ring-shadow:0 0 #0000; --tw-rotate:0; --tw-scale-x:1; --tw-scale-y:1; --tw-scroll-snap-strictness:proximity; --tw-shadow-colored:0 0 #0000; --tw-shadow:0 0 #0000; --tw-skew-x:0; --tw-skew-y:0; --tw-translate-x:0; --tw-translate-y:0; border:0px solid #e5e7eb; box-sizing:border-box; display:block; height:592.475px; max-width:100%; vertical-align:middle; width:563.6px\" /></span></span></span></p>\r\n\r\n<p><span style=\"font-size:14px\"><span style=\"color:#000000\"><span style=\"font-family:__Inter_179fbf,__Inter_Fallback_179fbf\"><img alt=\"Hình ảnh iPhone 16 Pro Max (4)\" src=\"https://cdn2.fptshop.com.vn/unsafe/800x0/iphone_16_pro_3_74b4e4ba4e.jpg\" style=\"--tw-border-spacing-x:0; --tw-border-spacing-y:0; --tw-ring-color:rgba(59,130,246,.5); --tw-ring-offset-color:#ffffff; --tw-ring-offset-shadow:0 0 #0000; --tw-ring-offset-width:0px; --tw-ring-shadow:0 0 #0000; --tw-rotate:0; --tw-scale-x:1; --tw-scale-y:1; --tw-scroll-snap-strictness:proximity; --tw-shadow-colored:0 0 #0000; --tw-shadow:0 0 #0000; --tw-skew-x:0; --tw-skew-y:0; --tw-translate-x:0; --tw-translate-y:0; border:0px solid #e5e7eb; box-sizing:border-box; display:block; height:610.8px; max-width:100%; vertical-align:middle; width:563.6px\" /></span></span></span></p>\r\n\r\n<p><span style=\"font-size:14px\"><span style=\"color:#000000\"><span style=\"font-family:__Inter_179fbf,__Inter_Fallback_179fbf\"><img alt=\"Hình ảnh iPhone 16 Pro Max (5)\" src=\"https://cdn2.fptshop.com.vn/unsafe/800x0/iphone_16_pro_5_77b58de131.jpg\" style=\"--tw-border-spacing-x:0; --tw-border-spacing-y:0; --tw-ring-color:rgba(59,130,246,.5); --tw-ring-offset-color:#ffffff; --tw-ring-offset-shadow:0 0 #0000; --tw-ring-offset-width:0px; --tw-ring-shadow:0 0 #0000; --tw-rotate:0; --tw-scale-x:1; --tw-scale-y:1; --tw-scroll-snap-strictness:proximity; --tw-shadow-colored:0 0 #0000; --tw-shadow:0 0 #0000; --tw-skew-x:0; --tw-skew-y:0; --tw-translate-x:0; --tw-translate-y:0; border:0px solid #e5e7eb; box-sizing:border-box; display:block; height:300.112px; max-width:100%; vertical-align:middle; width:563.6px\" /></span></span></span></p>\r\n\r\n<p style=\"text-align:justify\"><span style=\"font-size:14px\"><span style=\"color:#000000\"><span style=\"font-family:__Inter_179fbf,__Inter_Fallback_179fbf\"><a href=\"https://fptshop.com.vn/dien-thoai/iphone-16-series\" style=\"border:0px solid #e5e7eb; box-sizing:border-box; --tw-border-spacing-x:0; --tw-border-spacing-y:0; --tw-translate-x:0; --tw-translate-y:0; --tw-rotate:0; --tw-skew-x:0; --tw-skew-y:0; --tw-scale-x:1; --tw-scale-y:1; --tw-pan-x: ; --tw-pan-y: ; --tw-pinch-zoom: ; --tw-scroll-snap-strictness:proximity; --tw-gradient-from-position: ; --tw-gradient-via-position: ; --tw-gradient-to-position: ; --tw-ordinal: ; --tw-slashed-zero: ; --tw-numeric-figure: ; --tw-numeric-spacing: ; --tw-numeric-fraction: ; --tw-ring-inset: ; --tw-ring-offset-width:0px; --tw-ring-offset-color:#ffffff; --tw-ring-color:rgba(59,130,246,.5); --tw-ring-offset-shadow:0 0 #0000; --tw-ring-shadow:0 0 #0000; --tw-shadow:0 0 #0000; --tw-shadow-colored:0 0 #0000; --tw-blur: ; --tw-brightness: ; --tw-contrast: ; --tw-grayscale: ; --tw-hue-rotate: ; --tw-invert: ; --tw-saturate: ; --tw-sepia: ; --tw-drop-shadow: ; --tw-backdrop-blur: ; --tw-backdrop-brightness: ; --tw-backdrop-contrast: ; --tw-backdrop-grayscale: ; --tw-backdrop-hue-rotate: ; --tw-backdrop-invert: ; --tw-backdrop-opacity: ; --tw-backdrop-saturate: ; --tw-backdrop-sepia: ; --tw-contain-size: ; --tw-contain-layout: ; --tw-contain-paint: ; --tw-contain-style: ; color:inherit; text-decoration:inherit\">iPhone 16 series</a>&nbsp;với 4 phi&ecirc;n bản: iPhone 16, iPhone 16 Plus, iPhone 16 Pro v&agrave; iPhone 16 Pro Max đều c&oacute; sự n&acirc;ng cấp đ&aacute;ng kể, trong đ&oacute; đ&aacute;ng ch&uacute; &yacute; l&agrave; n&uacute;t điều khiển camera mới, hệ thống camera ti&ecirc;n tiến, hiệu suất v&agrave; thời lượng pin vượt trội.&nbsp;Trong đ&oacute;&nbsp;<strong>iPhone 16&nbsp;</strong>l&agrave; d&ograve;ng ti&ecirc;u chuẩn với thiết kế trẻ trung v&agrave; thời thượng c&ugrave;ng cấu h&igrave;nh mượt m&agrave;, gi&aacute; b&aacute;n phải chăng nhất. iPhone 16 Plus sở hữu ngo&agrave;i m&agrave;n h&igrave;nh lớn v&agrave; thời lượng sử dụng pin d&agrave;i hơn bản iPhone 16 thường. Trong đ&oacute;, đ&aacute;nh dấu bước nhảy vọt về thời lượng pin v&agrave; sở hữu chip A18 Pro xuất sắc,&nbsp;<a href=\"https://fptshop.com.vn/dien-thoai/iphone-16-pro-max\" style=\"border:0px solid #e5e7eb; box-sizing:border-box; --tw-border-spacing-x:0; --tw-border-spacing-y:0; --tw-translate-x:0; --tw-translate-y:0; --tw-rotate:0; --tw-skew-x:0; --tw-skew-y:0; --tw-scale-x:1; --tw-scale-y:1; --tw-pan-x: ; --tw-pan-y: ; --tw-pinch-zoom: ; --tw-scroll-snap-strictness:proximity; --tw-gradient-from-position: ; --tw-gradient-via-position: ; --tw-gradient-to-position: ; --tw-ordinal: ; --tw-slashed-zero: ; --tw-numeric-figure: ; --tw-numeric-spacing: ; --tw-numeric-fraction: ; --tw-ring-inset: ; --tw-ring-offset-width:0px; --tw-ring-offset-color:#ffffff; --tw-ring-color:rgba(59,130,246,.5); --tw-ring-offset-shadow:0 0 #0000; --tw-ring-shadow:0 0 #0000; --tw-shadow:0 0 #0000; --tw-shadow-colored:0 0 #0000; --tw-blur: ; --tw-brightness: ; --tw-contrast: ; --tw-grayscale: ; --tw-hue-rotate: ; --tw-invert: ; --tw-saturate: ; --tw-sepia: ; --tw-drop-shadow: ; --tw-backdrop-blur: ; --tw-backdrop-brightness: ; --tw-backdrop-contrast: ; --tw-backdrop-grayscale: ; --tw-backdrop-hue-rotate: ; --tw-backdrop-invert: ; --tw-backdrop-opacity: ; --tw-backdrop-saturate: ; --tw-backdrop-sepia: ; --tw-contain-size: ; --tw-contain-layout: ; --tw-contain-paint: ; --tw-contain-style: ; color:inherit; text-decoration:inherit\"><strong>iPhone 16 Pro Max</strong></a>&nbsp;l&agrave; si&ecirc;u phẩm đem lại trải nghiệm vượt trội tr&ecirc;n mọi kh&iacute;a cạnh. Sản phẩm g&acirc;y ấn tượng với viền m&agrave;n h&igrave;nh si&ecirc;u mỏng, được trang bị n&uacute;t Điều Khiển Camera mới v&agrave; c&oacute; bộ t&iacute;nh năng Apple Intelligence cực kỳ tiện dụng.&nbsp;</span></span></span></p>\r\n\r\n<h2 style=\"text-align:justify\"><span style=\"font-size:inherit\"><span style=\"color:#000000\"><span style=\"font-family:__Inter_179fbf,__Inter_Fallback_179fbf\"><span style=\"background-color:#ffffff\"><strong>iPhone 16 Pro Max c&oacute; g&igrave; mới?</strong></span></span></span></span></h2>\r\n\r\n<h3 style=\"text-align:justify\"><span style=\"font-size:inherit\"><span style=\"color:#000000\"><span style=\"font-family:__Inter_179fbf,__Inter_Fallback_179fbf\"><span style=\"background-color:#ffffff\"><strong>Vẻ đẹp sang trọng của khung vỏ Titan</strong></span></span></span></span></h3>\r\n\r\n<p style=\"text-align:justify\"><span style=\"font-size:14px\"><span style=\"color:#000000\"><span style=\"font-family:__Inter_179fbf,__Inter_Fallback_179fbf\"><span style=\"background-color:#ffffff\">G&acirc;y ấn tượng bởi kiểu d&aacute;ng thanh lịch, iPhone 16 Pro Max c&oacute; cấu tr&uacute;c khung vỏ được chế t&aacute;c kỳ c&ocirc;ng từ chất liệu Titan Cấp 5 si&ecirc;u bền v&agrave; si&ecirc;u nhẹ. Ngo&agrave;i ra, Apple cũng cải tiến cấu tr&uacute;c tản nhiệt b&ecirc;n trong th&acirc;n m&aacute;y để duy tr&igrave; hiệu suất tốt hơn 20% so với thế hệ cũ, đem đến cho người d&ugrave;ng một thiết bị vừa sang trọng, vừa mạnh mẽ.</span></span></span></span></p>\r\n\r\n<p style=\"text-align:justify\"><span style=\"font-size:14px\"><span style=\"color:#000000\"><span style=\"font-family:__Inter_179fbf,__Inter_Fallback_179fbf\"><span style=\"background-color:#ffffff\">Ngo&agrave;i khả năng chống nước v&agrave; chống bụi đ&aacute;ng kinh ngạc, iPhone 16 Pro Max c&ograve;n đạt đến chuẩn mực mới về độ bền khi sử dụng chất liệu Ceramic Shield bảo vệ cực tốt cho m&agrave;n h&igrave;nh. Sản phẩm l&ecirc;n kệ với c&aacute;c t&ugrave;y chọn m&agrave;u sang trọng gồm: Titan Đen, Titan Trắng, Titan Tự Nhi&ecirc;n v&agrave; Titan Sa Mạc.&nbsp;</span></span></span></span></p>\r\n\r\n<p><img alt=\"iPhone 16 Pro Max với Vẻ đẹp sang trọng của khung vỏ Titan\" src=\"https://cdn2.fptshop.com.vn/unsafe/800x0/iphone_16_pro_max_2_648bc9b284.jpg\" style=\"--tw-border-spacing-x:0; --tw-border-spacing-y:0; --tw-ring-color:rgba(59,130,246,.5); --tw-ring-offset-color:#ffffff; --tw-ring-offset-shadow:0 0 #0000; --tw-ring-offset-width:0px; --tw-ring-shadow:0 0 #0000; --tw-rotate:0; --tw-scale-x:1; --tw-scale-y:1; --tw-scroll-snap-strictness:proximity; --tw-shadow-colored:0 0 #0000; --tw-shadow:0 0 #0000; --tw-skew-x:0; --tw-skew-y:0; --tw-translate-x:0; --tw-translate-y:0; border:0px solid #e5e7eb; box-sizing:border-box; display:block; height:375.487px; max-width:100%; vertical-align:middle; width:563.6px\" /></p>\r\n\r\n<h3 style=\"text-align:justify\"><span style=\"font-size:inherit\"><span style=\"color:#000000\"><span style=\"font-family:__Inter_179fbf,__Inter_Fallback_179fbf\"><span style=\"background-color:#ffffff\"><strong>Nhiếp ảnh linh hoạt với n&uacute;t Điều Khiển Camera</strong></span></span></span></span></h3>\r\n\r\n<p style=\"text-align:justify\"><span style=\"font-size:14px\"><span style=\"color:#000000\"><span style=\"font-family:__Inter_179fbf,__Inter_Fallback_179fbf\"><span style=\"background-color:#ffffff\">N&uacute;t Điều Khiển Camera ở cạnh phải iPhone 16 Pro Max l&agrave; t&iacute;nh năng ho&agrave;n to&agrave;n mới, cho ph&eacute;p ch&uacute;ng ta dễ d&agrave;ng k&iacute;ch hoạt t&aacute;c vụ chụp ảnh hoặc quay phim. Bạn chỉ cần vuốt nhẹ ng&oacute;n tay tr&ecirc;n n&uacute;t bấm n&agrave;y l&agrave; c&oacute; thể tinh chỉnh c&aacute;c chức năng nhiếp ảnh như: phơi s&aacute;ng, độ s&acirc;u trường ảnh, chuyển đổi giữa c&aacute;c ống k&iacute;nh hoặc thu ph&oacute;ng kỹ thuật số...</span></span></span></span></p>\r\n\r\n<p style=\"text-align:justify\"><span style=\"font-size:14px\"><span style=\"color:#000000\"><span style=\"font-family:__Inter_179fbf,__Inter_Fallback_179fbf\"><span style=\"background-color:#ffffff\">Đ&acirc;y l&agrave; yếu tố thể hiện sự tinh tế của Apple trong việc n&acirc;ng cao trải nghiệm quay chụp. Mặt ngo&agrave;i của N&uacute;t Điều Khiển Camera được ho&agrave;n thiện bằng tinh thể sapphire, cho trải nghiệm vuốt chạm mịn m&agrave;ng. Cảm biến b&ecirc;n trong n&uacute;t bấm sẽ nhận diện lực nhấn mạnh/nhẹ từ ng&oacute;n tay nhằm m&ocirc; phỏng cơ chế phản hồi, tạo cảm gi&aacute;c như đang chụp ảnh bằng camera DSLR.</span></span></span></span></p>\r\n\r\n<p><img alt=\"iPhone 16 Pro Max với nút Điều Khiển Camera\" src=\"https://cdn2.fptshop.com.vn/unsafe/800x0/iphone_16_pro_max_3_e05bed5427.jpg\" style=\"--tw-border-spacing-x:0; --tw-border-spacing-y:0; --tw-ring-color:rgba(59,130,246,.5); --tw-ring-offset-color:#ffffff; --tw-ring-offset-shadow:0 0 #0000; --tw-ring-offset-width:0px; --tw-ring-shadow:0 0 #0000; --tw-rotate:0; --tw-scale-x:1; --tw-scale-y:1; --tw-scroll-snap-strictness:proximity; --tw-shadow-colored:0 0 #0000; --tw-shadow:0 0 #0000; --tw-skew-x:0; --tw-skew-y:0; --tw-translate-x:0; --tw-translate-y:0; border:0px solid #e5e7eb; box-sizing:border-box; display:block; height:375.487px; max-width:100%; vertical-align:middle; width:563.6px\" /></p>\r\n\r\n<h3 style=\"text-align:justify\"><span style=\"font-size:inherit\"><span style=\"color:#000000\"><span style=\"font-family:__Inter_179fbf,__Inter_Fallback_179fbf\"><span style=\"background-color:#ffffff\"><strong>Thể hiện đẳng cấp quay video chuy&ecirc;n nghiệp</strong></span></span></span></span></h3>\r\n\r\n<p style=\"text-align:justify\"><span style=\"font-size:14px\"><span style=\"color:#000000\"><span style=\"font-family:__Inter_179fbf,__Inter_Fallback_179fbf\"><span style=\"background-color:#ffffff\">Cầm iPhone 16 Pro Max tr&ecirc;n tay, trải nghiệm quay phim của bạn sẽ được đưa l&ecirc;n tầm cao mới. Sự kết hợp linh hoạt giữa camera Fusion 48MP, chip A18 Pro c&ugrave;ng cảm biến quad-pixel tạo điều kiện để người d&ugrave;ng quay video chất lượng 4K Dolby Vision ở tốc độ 120 fps.</span></span></span></span></p>\r\n\r\n<p style=\"text-align:justify\"><span style=\"font-size:14px\"><span style=\"color:#000000\"><span style=\"font-family:__Inter_179fbf,__Inter_Fallback_179fbf\"><span style=\"background-color:#ffffff\">Hệ thống bốn micro chuẩn studio sẽ lọc tạp &acirc;m hiệu quả để đạt chất lượng thu &acirc;m tốt nhất cho video của bạn. Đặc biệt, iPhone 16 Pro Max c&ograve;n cung cấp th&ecirc;m chức năng quay video với &Acirc;m Thanh Kh&ocirc;ng Gian, khiến cho thanh &acirc;m được diễn đạt đ&atilde; tai hơn khi bạn thưởng thức bằng tai nghe AirPods.</span></span></span></span></p>\r\n\r\n<p><img alt=\"iPhone 16 Pro Max quay video chuyên nghiệp\" src=\"https://cdn2.fptshop.com.vn/unsafe/800x0/iphone_16_pro_max_5_ceb4cb7ff4.jpg\" style=\"--tw-border-spacing-x:0; --tw-border-spacing-y:0; --tw-ring-color:rgba(59,130,246,.5); --tw-ring-offset-color:#ffffff; --tw-ring-offset-shadow:0 0 #0000; --tw-ring-offset-width:0px; --tw-ring-shadow:0 0 #0000; --tw-rotate:0; --tw-scale-x:1; --tw-scale-y:1; --tw-scroll-snap-strictness:proximity; --tw-shadow-colored:0 0 #0000; --tw-shadow:0 0 #0000; --tw-skew-x:0; --tw-skew-y:0; --tw-translate-x:0; --tw-translate-y:0; border:0px solid #e5e7eb; box-sizing:border-box; display:block; height:375.487px; max-width:100%; vertical-align:middle; width:563.6px\" /></p>\r\n</div>\r\n</div>\r\n</div>\r\n</div>\r\n', 'Apple', 7, 54);
INSERT INTO `sanpham` (`ma_sp`, `ten_sp`, `ngaynhap`, `mota_sanpham`, `hang_sanxuat`, `ma_danhmuc`, `ma_danhmuc_con`) VALUES
(26, 'OPPO A58 8GB', '2024-11-19', '<h2 style=\"text-align:justify\">Th&ocirc;ng tin sản phẩm</h2>\r\n\r\n<p style=\"text-align:justify\">M&ocirc; tả sản phẩm</p>\r\n\r\n<p style=\"text-align:justify\"><strong>Kh&ocirc;ng chỉ ghi điểm nhờ thiết kế thanh lịch m&agrave; độc đ&aacute;o,&nbsp;</strong><a href=\"https://fptshop.com.vn/dien-thoai/oppo-a58-4g\"><strong>OPPO A58</strong></a><strong>&nbsp;c&ograve;n thể hiện sự xuất sắc với m&agrave;n h&igrave;nh rộng 6.72 inch Full HD, loa &acirc;m thanh nổi sống động, pin 5.000 mAh mạnh mẽ c&ugrave;ng chế độ sạc SuperVOOC 33W si&ecirc;u tốc. Hệ thống camera k&eacute;p 50MP hỗ trợ bởi AI sẽ cho bạn những khu&ocirc;n h&igrave;nh ưng &yacute; trong mọi khoảnh khắc.</strong></p>\r\n\r\n<p style=\"text-align:justify\"><img alt=\"OPPO A58\" id=\"OPPO A58 6GB-128GB 11\" src=\"https://cdn2.fptshop.com.vn/unsafe/564x0/filters:quality(80)/Uploads/images/2015/Tin-Tuc/Hoa/012018/02manhinhfullview/mo-ta-san-pham-oppo-a58-1.jpg\" /></p>\r\n\r\n<h3 style=\"text-align:justify\"><strong>Phong c&aacute;ch thời trang, mặt lưng trang nh&atilde;</strong></h3>\r\n\r\n<p style=\"text-align:justify\"><strong>OPPO A58</strong>&nbsp;dễ d&agrave;ng g&acirc;y ấn tượng với người d&ugrave;ng từ những khoảnh khắc đầu ti&ecirc;n. Chiếc&nbsp;<a href=\"https://fptshop.com.vn/dien-thoai\">điện thoại</a>&nbsp;thể hiện sự thanh lịch ở cả hai mặt trước - sau. Sản phẩm sử dụng m&agrave;n h&igrave;nh bấm lỗ với kết cấu tr&agrave;n viền đẹp mắt, mặt lưng được ho&agrave;n thiện kỳ c&ocirc;ng với họa tiết nh&aacute;m mờ chạy dọc, mang tới cảm quan như một dải lụa satin sang trọng.</p>\r\n\r\n<p style=\"text-align:justify\">Nhờ c&aacute;ch chế t&aacute;c kh&eacute;o l&eacute;o của&nbsp;<a href=\"https://fptshop.com.vn/dien-thoai/oppo\">OPPO</a>, bạn sẽ cảm nhận r&otilde; độ nh&aacute;m tr&ecirc;n mặt lưng chiếc điện thoại khi cầm nắm, đ&acirc;y cũng l&agrave; yếu tố hạn chế lưu mồ h&ocirc;i v&agrave; dấu v&acirc;n tay trong qu&aacute; tr&igrave;nh sử dụng. OPPO A58 mang tới hai t&ugrave;y chọn m&agrave;u sắc để bạn lựa chọn l&agrave; Xanh v&agrave; Đen.</p>\r\n\r\n<p style=\"text-align:justify\"><img alt=\"Thiết kế OPPO A58\" src=\"https://cdn2.fptshop.com.vn/unsafe/564x0/filters:quality(80)/Uploads/images/2015/Tin-Tuc/Hoa/012018/02manhinhfullview/mo-ta-san-pham-oppo-a58-2.jpg\" /></p>\r\n\r\n<h3 style=\"text-align:justify\"><strong>OPPO A58 m&agrave;n h&igrave;nh Full HD+ rộng tới 6.72 inch</strong></h3>\r\n\r\n<p style=\"text-align:justify\">Với trọng t&acirc;m l&agrave; tấm nền IPS LCD cho khả năng diễn đạt m&agrave;u sắc trong trẻo, ch&acirc;n thực, OPPO A58 sẽ trải rộng trước tầm mắt bạn một kh&ocirc;ng gian hiển thị rộng tới 6.72 inch hết sức đ&atilde; mắt. M&agrave;n h&igrave;nh n&agrave;y đạt độ s&aacute;ng tối đa 680 nits, c&oacute; độ ph&acirc;n giải Full HD+ (1.080 x 2.400 pixels), thể hiện độ chi tiết tốt trong thực tế v&agrave; ph&ugrave; hợp với mọi nội dung giải tr&iacute;.</p>\r\n\r\n<p style=\"text-align:justify\">Với độ phủ m&agrave;u l&ecirc;n tới 100% DCI-P3 v&agrave; 100% sRGB, OPPO A58 c&oacute; thể diễn đạt được tới 16.7 triệu gam m&agrave;u sống động. Nhờ việc đưa camera selfie v&agrave;o trong m&agrave;n h&igrave;nh theo dạng bấm lỗ, m&agrave;n h&igrave;nh sản phẩm chiếm lĩnh tới 91.4% mặt trước thiết bị. Nhờ vậy, OPPO A58 vẫn giữ được th&acirc;n m&aacute;y gọn g&agrave;ng d&ugrave; sở hữu kh&ocirc;ng gian hiển thị lớn.</p>\r\n\r\n<p style=\"text-align:justify\"><img alt=\"Màn hình OPPO A58\" src=\"https://cdn2.fptshop.com.vn/unsafe/564x0/filters:quality(80)/Uploads/images/2015/Tin-Tuc/Hoa/012018/02manhinhfullview/mo-ta-san-pham-oppo-a58-3.jpg\" /></p>\r\n\r\n<h3 style=\"text-align:justify\"><strong>Chế độ &acirc;m thanh nổi, sống động từng tiết tấu</strong></h3>\r\n\r\n<p style=\"text-align:justify\">Hệ thống loa &acirc;m thanh nổi với sự kết hợp của nhiều loa ngo&agrave;i đặt ở c&aacute;c vị tr&iacute; kh&aacute;c nhau tr&ecirc;n th&acirc;n m&aacute;y sẽ gi&uacute;p<strong>&nbsp;OPPO A58</strong>&nbsp;thể hiện chất &acirc;m đ&atilde; tai khi ch&uacute;ng ta nghe nhạc, xem phim, hoặc thưởng thức c&aacute;c nội dung giải tr&iacute;. So với thế hệ tiền nhiệm, &acirc;m lượng tối đa của sản phẩm đ&atilde; lớn hơn 40%.</p>\r\n\r\n<p style=\"text-align:justify\">Đặc biệt, khi muốn thưởng thức nhạc ở những nơi qu&aacute; ồn &agrave;o, bạn c&oacute; thể k&iacute;ch hoạt chế độ si&ecirc;u &acirc;m lượng - tăng gấp đ&ocirc;i c&ocirc;ng suất cho tai nghe hoặc gấp ba c&ocirc;ng suất nếu nghe nhạc bằng loa ngo&agrave;i.</p>\r\n\r\n<p style=\"text-align:justify\"><img alt=\"Âm thanh OPPO A58\" src=\"https://cdn2.fptshop.com.vn/unsafe/564x0/filters:quality(80)/Uploads/images/2015/Tin-Tuc/Hoa/012018/02manhinhfullview/mo-ta-san-pham-oppo-a58-5.jpg\" /></p>\r\n\r\n<h3 style=\"text-align:justify\"><strong>Pin 5.000 mAh mạnh mẽ, sạc SuperVOOC si&ecirc;u nhanh tr&ecirc;n OPPO A58</strong></h3>\r\n\r\n<p style=\"text-align:justify\">Pin l&agrave; một trong những thế mạnh nổi bật của OPPO A58. Sản phẩm c&oacute; thể gọi điện li&ecirc;n tục trong 32 tiếng hoặc xem video xuy&ecirc;n suốt 16 giờ kh&ocirc;ng nghỉ. Với sự hỗ trợ của vi&ecirc;n pin 5.000 mAh kết hợp c&ugrave;ng chế độ tiết kiệm năng lượng, chiếc điện thoại sẽ lu&ocirc;n sẵn s&agrave;ng phục vụ trải nghiệm của bạn suốt ng&agrave;y d&agrave;i.</p>\r\n\r\n<p style=\"text-align:justify\">Kh&ocirc;ng chỉ vậy, sản phẩm được t&iacute;ch hợp c&ocirc;ng nghệ sạc SuperVOOC do OPPO ph&aacute;t triển độc quyền, cho tốc độ sạc si&ecirc;u nhanh m&agrave; vẫn đảm bảo an to&agrave;n mọi l&uacute;c. C&ocirc;ng suất 33W cho ph&eacute;p t&aacute;i tạo tới 52% pin cho thiết bị chỉ trong nửa tiếng. V&agrave;o những l&uacute;c cần k&iacute;p, bạn chỉ cần sạc m&aacute;y trong 5 ph&uacute;t l&agrave; c&oacute; thể gọi điện hơn 3 giờ đồng hồ.</p>\r\n\r\n<p style=\"text-align:justify\"><img alt=\"Pin OPPO A58\" src=\"https://cdn2.fptshop.com.vn/unsafe/564x0/filters:quality(80)/Uploads/images/2015/Tin-Tuc/Hoa/012018/02manhinhfullview/mo-ta-san-pham-oppo-a58-6.jpg\" /></p>\r\n\r\n<h3 style=\"text-align:justify\"><strong>Chip hiệu suất cao, phản hồi cực mượt</strong></h3>\r\n\r\n<p style=\"text-align:justify\"><strong>OPPO A58</strong>&nbsp;sử dụng chip Helio G85 với t&aacute;m nh&acirc;n xung nhịp 2.0GHz - một trong những bộ vi xử l&yacute; nổi bật của MediaTek trong ph&acirc;n kh&uacute;c tầm trung. Bạn sẽ thoải m&aacute;i lướt web, trải nghiệm mạng x&atilde; hội v&agrave; chơi những tựa game được y&ecirc;u th&iacute;ch nhất hiện nay.</p>\r\n\r\n<p style=\"text-align:justify\">Trải nghiệm đa nhiệm tr&ecirc;n OPPO A58 đảm bảo độ mượt m&agrave; khi thiết bị sở hữu tới 6GB RAM, kết hợp c&ugrave;ng cơ chế RAM ảo để gia tăng hiệu suất khi cần. Bộ nhớ trong 128GB đủ để lưu trữ dữ liệu cơ bản trong nhiều năm sử dụng.</p>\r\n\r\n<p style=\"text-align:justify\"><img alt=\"Chip OPPO A58\" src=\"https://cdn2.fptshop.com.vn/unsafe/564x0/filters:quality(80)/Uploads/images/2015/Tin-Tuc/Hoa/012018/02manhinhfullview/mo-ta-san-pham-oppo-a58-8.jpg\" /></p>\r\n\r\n<h3 style=\"text-align:justify\"><strong>Trải nghiệm camera k&eacute;p 50MP với sự hỗ trợ từ AI tr&ecirc;n OPPO A58</strong></h3>\r\n\r\n<p style=\"text-align:justify\">Sử dụng camera k&eacute;p 50MP + 2MP, OPPO A58 dễ d&agrave;ng mang tới những khu&ocirc;n h&igrave;nh chất lượng với sự hỗ trợ từ c&ocirc;ng nghệ AI. Mỗi bức ảnh chụp từ thiết bị đều cho thấy độ sắc sảo, chi tiết, khả năng t&aacute;i tạo m&agrave;u sắc tốt v&agrave; diễn đạt trung thực mọi yếu tố trong bối cảnh chụp.</p>\r\n\r\n<p style=\"text-align:justify\">Ngo&agrave;i ra, sản phẩm c&ograve;n thừa hưởng những c&ocirc;ng nghệ chụp ch&acirc;n dung l&agrave;m n&ecirc;n t&ecirc;n tuổi của OPPO với hiệu ứng x&oacute;a ph&ocirc;ng chỉnh x&aacute;c nhằm t&ocirc;n l&ecirc;n chủ thể khu&ocirc;n h&igrave;nh. Cảm nhận ảnh chụp m&agrave; OPPO A58 mang lại tương tự như khi ch&uacute;ng ta sử dụng DSLR.</p>\r\n\r\n<p style=\"text-align:justify\"><img alt=\"Camera kép trên OPPO A58\" src=\"https://cdn2.fptshop.com.vn/unsafe/564x0/filters:quality(80)/Uploads/images/2015/Tin-Tuc/Hoa/012018/02manhinhfullview/mo-ta-san-pham-oppo-a58-9.jpg\" /></p>\r\n\r\n<h3 style=\"text-align:justify\"><strong>ColorOS đẹp mắt, th&acirc;n thiện, bảo mật tốt</strong></h3>\r\n\r\n<p style=\"text-align:justify\"><strong>OPPO A58</strong>&nbsp;được c&agrave;i đặt hệ điều h&agrave;nh ColorOS 13.1 - vốn rất nổi tiếng về giao diện nịnh mắt, dễ d&ugrave;ng v&agrave; th&acirc;n thiện với người sử dụng. Đặc biệt, nền tảng n&agrave;y c&ograve;n được tối ưu độ bảo mật khi c&oacute; thể x&oacute;a mọi th&ocirc;ng tin định vị v&agrave; dữ liệu ảnh chụp khỏi tệp hoặc video m&agrave; bạn chia sẻ.</p>\r\n', 'Oppo', 7, 6),
(27, 'Samsung Galaxy Z Flip6', '2024-11-19', '<h2>Th&ocirc;ng tin sản phẩm</h2>\r\n\r\n<p>M&ocirc; tả sản phẩm</p>\r\n\r\n<p><img alt=\"https://fptshop.com.vn/\" src=\"https://cdn2.fptshop.com.vn/unsafe/1920x0/filters:quality(100)/Z_Flip_Xanh_Mint_1_fadba59b89.jpg\" /></p>\r\n\r\n<p><img alt=\"https://fptshop.com.vn/\" src=\"https://cdn2.fptshop.com.vn/unsafe/1920x0/filters:quality(100)/Z_Flip_Xanh_Mint_2_f7f64b8f5c.jpg\" /></p>\r\n\r\n<p><img alt=\"https://fptshop.com.vn/\" src=\"https://cdn2.fptshop.com.vn/unsafe/1920x0/filters:quality(100)/Z_Flip_Xanh_Mint_3_56b9f7d132.jpg\" /></p>\r\n\r\n<p><img alt=\"https://fptshop.com.vn/\" src=\"https://cdn2.fptshop.com.vn/unsafe/1920x0/filters:quality(100)/Z_Flip_Xanh_Mint_4_f809f7e3f6.jpg\" /></p>\r\n\r\n<p><img alt=\"https://fptshop.com.vn/\" src=\"https://cdn2.fptshop.com.vn/unsafe/1920x0/filters:quality(100)/Z_Flip_Xanh_Mint_5_d62f5af8eb.jpg\" /></p>\r\n\r\n<p><img alt=\"https://fptshop.com.vn/\" src=\"https://cdn2.fptshop.com.vn/unsafe/1920x0/filters:quality(100)/Z_Flip_Xanh_Mint_6_22aa29400a.jpg\" /></p>\r\n\r\n<p><img alt=\"https://fptshop.com.vn/\" src=\"https://cdn2.fptshop.com.vn/unsafe/1920x0/filters:quality(100)/Z_Flip_Xanh_Mint_7_7a765778d7.jpg\" /></p>\r\n\r\n<p><img alt=\"https://fptshop.com.vn/\" src=\"https://cdn2.fptshop.com.vn/unsafe/1920x0/filters:quality(100)/Z_Flip_Xanh_Mint_8_ecc185558a.jpg\" /></p>\r\n\r\n<p><img alt=\"https://fptshop.com.vn/\" src=\"https://cdn2.fptshop.com.vn/unsafe/1920x0/filters:quality(100)/Z_Flip_Xanh_Mint_9_0714a188e8.jpg\" /></p>\r\n\r\n<p><img alt=\"https://fptshop.com.vn/\" src=\"https://cdn2.fptshop.com.vn/unsafe/1920x0/filters:quality(100)/Z_Flip_Xanh_Mint_10_38e2af3799.jpg\" /></p>\r\n\r\n<p><img alt=\"https://fptshop.com.vn/\" src=\"https://cdn2.fptshop.com.vn/unsafe/1920x0/filters:quality(100)/Z_Flip_Xanh_Mint_11_e1f9f14a01.jpg\" /></p>\r\n\r\n<p><img alt=\"https://fptshop.com.vn/\" src=\"https://cdn2.fptshop.com.vn/unsafe/1920x0/filters:quality(100)/Z_Flip_Xanh_Mint_12_a82cb666e9.jpg\" /></p>\r\n\r\n<p><img alt=\"https://fptshop.com.vn/\" src=\"https://cdn2.fptshop.com.vn/unsafe/1920x0/filters:quality(100)/Z_Flip_Xanh_Duong_1_6224f108c2.jpg\" /></p>\r\n\r\n<p><img alt=\"https://fptshop.com.vn/\" src=\"https://cdn2.fptshop.com.vn/unsafe/1920x0/filters:quality(100)/Z_Flip_Xanh_Duong_2_79b32d5dd9.jpg\" /></p>\r\n\r\n<p><img alt=\"https://fptshop.com.vn/\" src=\"https://cdn2.fptshop.com.vn/unsafe/1920x0/filters:quality(100)/Z_Flip_Xanh_Duong_3_75f4cd2bfb.jpg\" /></p>\r\n\r\n<p><img alt=\"https://fptshop.com.vn/\" src=\"https://cdn2.fptshop.com.vn/unsafe/1920x0/filters:quality(100)/Z_Flip_Xanh_Duong_4_ec8b3cdb97.jpg\" /></p>\r\n\r\n<p><img alt=\"https://fptshop.com.vn/\" src=\"https://cdn2.fptshop.com.vn/unsafe/1920x0/filters:quality(100)/Z_Flip_Xanh_Duong_5_2b19e67fe8.jpg\" /></p>\r\n\r\n<p><img alt=\"https://fptshop.com.vn/\" src=\"https://cdn2.fptshop.com.vn/unsafe/1920x0/filters:quality(100)/Z_Flip_Xanh_Duong_6_49b80fde91.jpg\" /></p>\r\n\r\n<p><img alt=\"https://fptshop.com.vn/\" src=\"https://cdn2.fptshop.com.vn/unsafe/1920x0/filters:quality(100)/Z_Flip_Xanh_Duong_7_73bcabafd8.jpg\" /></p>\r\n\r\n<p><img alt=\"https://fptshop.com.vn/\" src=\"https://cdn2.fptshop.com.vn/unsafe/1920x0/filters:quality(100)/Z_Flip_Xanh_Duong_8_66f4184cb6.jpg\" /></p>\r\n\r\n<p><img alt=\"https://fptshop.com.vn/\" src=\"https://cdn2.fptshop.com.vn/unsafe/1920x0/filters:quality(100)/Z_Flip_Xanh_Duong_9_3cb8c7ea74.jpg\" /></p>\r\n\r\n<p><img alt=\"https://fptshop.com.vn/\" src=\"https://cdn2.fptshop.com.vn/unsafe/1920x0/filters:quality(100)/Z_Flip_Xanh_Duong_10_fdc5d4ac27.jpg\" /></p>\r\n\r\n<p><img alt=\"https://fptshop.com.vn/\" src=\"https://cdn2.fptshop.com.vn/unsafe/1920x0/filters:quality(100)/Z_Flip_Xanh_Duong_11_50386960db.jpg\" /></p>\r\n\r\n<p><img alt=\"https://fptshop.com.vn/\" src=\"https://cdn2.fptshop.com.vn/unsafe/1920x0/filters:quality(100)/Z_Flip_Xanh_Duong_12_58fc373673.jpg\" /></p>\r\n\r\n<p><img alt=\"https://fptshop.com.vn/\" src=\"https://cdn2.fptshop.com.vn/unsafe/1920x0/filters:quality(100)/Z_Flip_Vang_1_ef5feda43d.jpg\" /></p>\r\n\r\n<p><img alt=\"https://fptshop.com.vn/\" src=\"https://cdn2.fptshop.com.vn/unsafe/1920x0/filters:quality(100)/Z_Flip_Vang_2_bb799e12c1.jpg\" /></p>\r\n\r\n<p><img alt=\"https://fptshop.com.vn/\" src=\"https://cdn2.fptshop.com.vn/unsafe/1920x0/filters:quality(100)/Z_Flip_Vang_3_8368c05a34.jpg\" /></p>\r\n\r\n<p><img alt=\"https://fptshop.com.vn/\" src=\"https://cdn2.fptshop.com.vn/unsafe/1920x0/filters:quality(100)/Z_Flip_Vang_4_5834f481d5.jpg\" /></p>\r\n\r\n<p><img alt=\"https://fptshop.com.vn/\" src=\"https://cdn2.fptshop.com.vn/unsafe/1920x0/filters:quality(100)/Z_Flip_Vang_5_c92cbc95f1.jpg\" /></p>\r\n\r\n<p><img alt=\"https://fptshop.com.vn/\" src=\"https://cdn2.fptshop.com.vn/unsafe/1920x0/filters:quality(100)/Z_Flip_Vang_6_6c22598980.jpg\" /></p>\r\n\r\n<p><img alt=\"https://fptshop.com.vn/\" src=\"https://cdn2.fptshop.com.vn/unsafe/1920x0/filters:quality(100)/Z_Flip_Vang_7_b8cfd5a26e.jpg\" /></p>\r\n\r\n<p><img alt=\"https://fptshop.com.vn/\" src=\"https://cdn2.fptshop.com.vn/unsafe/1920x0/filters:quality(100)/Z_Flip_Vang_8_65cc45d9e3.jpg\" /></p>\r\n\r\n<p><img alt=\"https://fptshop.com.vn/\" src=\"https://cdn2.fptshop.com.vn/unsafe/1920x0/filters:quality(100)/Z_Flip_Vang_9_fe19b276e6.jpg\" /></p>\r\n\r\n<p><img alt=\"https://fptshop.com.vn/\" src=\"https://cdn2.fptshop.com.vn/unsafe/1920x0/filters:quality(100)/Z_Flip_Vang_10_15d0541b73.jpg\" /></p>\r\n\r\n<p><img alt=\"https://fptshop.com.vn/\" src=\"https://cdn2.fptshop.com.vn/unsafe/1920x0/filters:quality(100)/Z_Flip_Vang_11_49a7a4f1a6.jpg\" /></p>\r\n\r\n<p><img alt=\"https://fptshop.com.vn/\" src=\"https://cdn2.fptshop.com.vn/unsafe/1920x0/filters:quality(100)/Z_Flip_Vang_12_9fb207f84a.jpg\" /></p>\r\n\r\n<p><img alt=\"https://fptshop.com.vn/\" src=\"https://cdn2.fptshop.com.vn/unsafe/1920x0/filters:quality(100)/Samsung_Galaxy_Flip_6_1_efc3498de0.jpg\" /></p>\r\n\r\n<p><img alt=\"https://fptshop.com.vn/\" src=\"https://cdn2.fptshop.com.vn/unsafe/1920x0/filters:quality(100)/Samsung_Galaxy_Flip_6_2_d7aaab9e21.jpg\" /></p>\r\n\r\n<p><img alt=\"https://fptshop.com.vn/\" src=\"https://cdn2.fptshop.com.vn/unsafe/1920x0/filters:quality(100)/Samsung_Galaxy_Flip_6_3_923ea22ced.jpg\" /></p>\r\n\r\n<p><img alt=\"https://fptshop.com.vn/\" src=\"https://cdn2.fptshop.com.vn/unsafe/1920x0/filters:quality(100)/Samsung_Galaxy_Flip_6_4_646e2a77a4.jpg\" /></p>\r\n\r\n<p><img alt=\"https://fptshop.com.vn/\" src=\"https://cdn2.fptshop.com.vn/unsafe/1920x0/filters:quality(100)/Samsung_Galaxy_Flip_6_5_3b3a2736d5.jpg\" /></p>\r\n\r\n<p><img alt=\"https://fptshop.com.vn/\" src=\"https://cdn2.fptshop.com.vn/unsafe/1920x0/filters:quality(100)/Samsung_Galaxy_Flip_6_6_75a434d740.jpg\" /></p>\r\n\r\n<p><img alt=\"https://fptshop.com.vn/\" src=\"https://cdn2.fptshop.com.vn/unsafe/1920x0/filters:quality(100)/Samsung_Galaxy_Flip_6_7_ed99c32a22.jpg\" /></p>\r\n\r\n<p><img alt=\"https://fptshop.com.vn/\" src=\"https://cdn2.fptshop.com.vn/unsafe/1920x0/filters:quality(100)/Samsung_Galaxy_Flip_6_8_2210d7551a.jpg\" /></p>\r\n\r\n<p><img alt=\"https://fptshop.com.vn/\" src=\"https://cdn2.fptshop.com.vn/unsafe/1920x0/filters:quality(100)/Samsung_Galaxy_Flip_6_9_dc39e55f4a.jpg\" /></p>\r\n\r\n<p><img alt=\"https://fptshop.com.vn/\" src=\"https://cdn2.fptshop.com.vn/unsafe/1920x0/filters:quality(100)/Samsung_Galaxy_Flip_6_10_ef603e2630.jpg\" /></p>\r\n\r\n<p><img alt=\"https://fptshop.com.vn/\" src=\"https://cdn2.fptshop.com.vn/unsafe/1920x0/filters:quality(100)/Samsung_Galaxy_Flip_6_11_869c0c1f8f.jpg\" /></p>\r\n\r\n<p><img alt=\"https://fptshop.com.vn/\" src=\"https://cdn2.fptshop.com.vn/unsafe/1920x0/filters:quality(100)/Samsung_Galaxy_Flip_6_12_95e87cb4ab.jpg\" /></p>\r\n\r\n<p><img alt=\"https://fptshop.com.vn/\" src=\"https://cdn2.fptshop.com.vn/unsafe/1920x0/filters:quality(100)/Samsung_Galaxy_Flip_6_13_b7dc6ecfbe.jpg\" /></p>\r\n\r\n<p><img alt=\"https://fptshop.com.vn/\" src=\"https://cdn2.fptshop.com.vn/unsafe/1920x0/filters:quality(100)/Samsung_Galaxy_Flip_6_14_97ad9beab1.jpg\" /></p>\r\n\r\n<p><img alt=\"https://fptshop.com.vn/\" src=\"https://cdn2.fptshop.com.vn/unsafe/1920x0/filters:quality(100)/Samsung_Galaxy_Flip_6_15_ed11df3d35.jpg\" /></p>\r\n\r\n<p><img alt=\"https://fptshop.com.vn/\" src=\"https://cdn2.fptshop.com.vn/unsafe/1920x0/filters:quality(100)/Samsung_Galaxy_Flip_6_16_f9ea2eda1a.jpg\" /></p>\r\n\r\n<p><img alt=\"https://fptshop.com.vn/\" src=\"https://cdn2.fptshop.com.vn/unsafe/1920x0/filters:quality(100)/Samsung_Galaxy_Flip_6_17_27d2f8948d.jpg\" /></p>\r\n\r\n<p><img alt=\"https://fptshop.com.vn/\" src=\"https://cdn2.fptshop.com.vn/unsafe/1920x0/filters:quality(100)/Samsung_Galaxy_Flip_6_18_e0313f2525.jpg\" /></p>\r\n\r\n<p><img alt=\"https://fptshop.com.vn/\" src=\"https://cdn2.fptshop.com.vn/unsafe/1920x0/filters:quality(100)/Samsung_Galaxy_Flip_6_19_56ff8b4a1d.jpg\" /></p>\r\n\r\n<p><img alt=\"https://fptshop.com.vn/\" src=\"https://cdn2.fptshop.com.vn/unsafe/1920x0/filters:quality(100)/Samsung_Galaxy_Flip_6_20_58a1358636.jpg\" /></p>\r\n\r\n<p><img alt=\"https://fptshop.com.vn/\" src=\"https://cdn2.fptshop.com.vn/unsafe/1920x0/filters:quality(100)/Samsung_Galaxy_Flip_6_21_f6f51fed28.jpg\" /></p>\r\n\r\n<p>&nbsp;</p>\r\n\r\n<p><strong>Với thiết kế nhỏ gọn v&agrave; tinh xảo, Galaxy Z Flip6 tựa như một t&aacute;c phẩm nghệ thuật hiện đại, kết hợp ho&agrave;n hảo giữa vẻ đẹp thời trang v&agrave; c&ocirc;ng nghệ cao cấp. Đặc biệt, với camera 50MP hỗ trợ AI,&nbsp;</strong><a href=\"https://fptshop.com.vn/dien-thoai/samsung-galaxy-z-flip6-5g\"><strong>Samsung Z Flip 6</strong></a><strong>&nbsp;mở ra một kỷ nguy&ecirc;n mới cho nhiếp ảnh chuy&ecirc;n nghiệp, cho ph&eacute;p bạn chụp những bức ảnh tuyệt đẹp với chất lượng cao v&agrave; chi tiết sắc n&eacute;t.</strong></p>\r\n\r\n<p><img alt=\"Samsung Galaxy Z Flip 6\" src=\"https://cdn2.fptshop.com.vn/unsafe/800x0/Galaxy_Z_Flip6_4cc130dc37.jpg\" /></p>\r\n\r\n<h3><strong>Thiết kế gập thời thượng, dễ d&agrave;ng bỏ t&uacute;i</strong></h3>\r\n\r\n<p>Samsung Z Flip 6 l&agrave; chiếc smartphone gập bỏ t&uacute;i cao cấp, kh&ocirc;ng chỉ đ&aacute;p ứng ho&agrave;n hảo nhu cầu của người d&ugrave;ng y&ecirc;u th&iacute;ch sự tiện dụng m&agrave; c&ograve;n l&agrave; biểu tượng của sự s&aacute;ng tạo v&agrave; thời trang. Thiết kế của Galaxy Z Flip6 tạo điểm nhấn với viền camera c&ugrave;ng m&agrave;u với th&acirc;n m&aacute;y, tạo n&ecirc;n tổng thể hiện đại, h&agrave;i h&ograve;a.&nbsp;</p>\r\n\r\n<p><img alt=\"Điện thoại gập Samsung Z Flip 6\" src=\"https://cdn2.fptshop.com.vn/unsafe/800x0/Samsung_Galaxy_Z_Flip6_1_028a578b7e.jpg\" /></p>\r\n\r\n<p>Bộ sưu tập m&agrave;u mới 2024 của Galaxy Z Flip6 sẽ chinh phục người d&ugrave;ng với đa sắc m&agrave;u thời thượng X&aacute;m Metal, Xanh Mint, V&agrave;ng Solar v&agrave; Xanh Maya. Mỗi m&agrave;u l&agrave; một phong c&aacute;ch, đ&aacute;p ứng đầy đủ nhu cầu người d&ugrave;ng Gen Z từ trang nh&atilde;, thanh lịch đến nổi bật, năng động.</p>\r\n\r\n<p><img alt=\"Màu sắc Samsung Z Flip 6\" src=\"https://cdn2.fptshop.com.vn/unsafe/800x0/Samsung_Galaxy_Z_Flip6_4_979599e54b.jpg\" /></p>\r\n\r\n<h3><strong>Phi&ecirc;n dịch vi&ecirc;n AI th&ocirc;ng minh tr&ecirc;n FlexWindow</strong></h3>\r\n\r\n<p>Khai ph&aacute; AI mới tr&ecirc;n smartphone gập,&nbsp;<a href=\"https://fptshop.com.vn/dien-thoai/samsung\">Samsung</a>&nbsp;mang đến t&iacute;nh năng v&ocirc; c&ugrave;ng tiện lợi cho người d&ugrave;ng l&agrave; Phi&ecirc;n dịch vi&ecirc;n AI th&ocirc;ng minh. Theo đ&oacute;, người d&ugrave;ng c&oacute; thể sử dụng Samsung Z Flip 6 để dịch 2 chiều tr&ecirc;n m&agrave;n h&igrave;nh ch&iacute;nh v&agrave; phụ (FlexWindow), gi&uacute;p việc giao tiếp trở n&ecirc;n tự tin v&agrave; đơn giản hơn. Nhờ vậy, giờ đ&acirc;y ng&ocirc;n ngữ kh&ocirc;ng c&ograve;n l&agrave; r&agrave;o cản. T&iacute;nh năng sẽ hữu &iacute;ch trong những chuyến du lịch hay trong m&ocirc;i trường giao tiếp đa ng&ocirc;n ngữ.</p>\r\n\r\n<p><img alt=\"Tính năng AI trên Samsung Galaxy Z Flip 6\" src=\"https://cdn2.fptshop.com.vn/unsafe/800x0/Galaxy_Z_Flip6_80_4307a4d784.jpg\" /></p>\r\n\r\n<h3><strong>Thỏa th&iacute;ch s&aacute;ng tạo m&agrave;n h&igrave;nh phụ đậm chất ri&ecirc;ng</strong></h3>\r\n\r\n<p>M&agrave;n h&igrave;nh phụ tr&ecirc;n Samsung Galaxy Z Flip 6 kh&ocirc;ng chỉ l&agrave; nơi hiển thị th&ocirc;ng tin m&agrave; c&ograve;n l&agrave; kh&ocirc;ng gian s&aacute;ng tạo v&agrave; c&aacute; nh&acirc;n h&oacute;a mạnh mẽ. Người d&ugrave;ng c&oacute; thể dễ d&agrave;ng t&ugrave;y chỉnh giao diện, sử dụng c&aacute;c c&ocirc;ng cụ tiện &iacute;ch v&agrave; tận dụng t&iacute;nh linh hoạt của FlexWindow với c&aacute;c t&iacute;nh năng như: H&igrave;nh nền sống động, H&igrave;nh nền tương t&aacute;c hay H&igrave;nh nền thay đổi theo thời điểm (s&aacute;ng/trưa/chiều tối) v&agrave; thời tiết (nắng/mưa/tuyết), H&igrave;nh nền tạo sinh (tạo ra c&aacute;c h&igrave;nh nền độc đ&aacute;o với c&aacute;c từ kh&oacute;a), Đề xuất h&igrave;nh nền (đa dạng phong c&aacute;ch kh&aacute;c nhau ph&ugrave; hợp với ảnh).</p>\r\n\r\n<p><img alt=\"Màn hình phụ Samsung Z Flip6\" src=\"https://cdn2.fptshop.com.vn/unsafe/800x0/Samsung_Galaxy_Z_Flip6_2_90e2abd8cd.jpg\" /></p>\r\n\r\n<p>Ngo&agrave;i ra, tại m&agrave;n h&igrave;nh n&agrave;y, người d&ugrave;ng c&oacute; thể xem nhiều th&ocirc;ng tin, thao t&aacute;c trực tiếp nhiều t&aacute;c vụ, widget m&agrave; kh&ocirc;ng cần mở kh&oacute;a. Đặc biệt, AI c&ograve;n hỗ trợ người d&ugrave;ng gửi tin nhắn ph&ugrave; hợp với ngữ cảnh cuộc tr&ograve; chuyện với Trợ l&yacute; Chat th&ocirc;ng minh.</p>\r\n\r\n<h3><strong>N&acirc;ng tầm &yacute; tưởng giản đơn c&ugrave;ng Gemini</strong></h3>\r\n\r\n<p>Nhờ mối quan hệ đối t&aacute;c chiến lược giữa Samsung v&agrave; Google, Galaxy Z Flip6 c&oacute; thể sử dụng AI Gemini dễ d&agrave;ng. Với t&iacute;ch hợp n&agrave;y, người d&ugrave;ng Galaxy c&oacute; thể tận dụng c&aacute;c t&iacute;nh năng ti&ecirc;n tiến của Gemini như t&igrave;m kiếm th&ocirc;ng tin nhanh ch&oacute;ng v&agrave; hiệu quả, l&ecirc;n kế hoạch c&ocirc;ng việc, cũng như hỗ trợ trong việc s&aacute;ng tạo v&agrave; viết l&aacute;ch. C&ocirc;ng nghệ tr&iacute; tuệ nh&acirc;n tạo của Gemini cung cấp cho người d&ugrave;ng những lời khuy&ecirc;n th&ocirc;ng minh v&agrave; đề xuất ph&ugrave; hợp dựa tr&ecirc;n nhu cầu cụ thể của từng người.</p>\r\n\r\n<p><img alt=\"Galaxy Flip6 với Gemini\" src=\"https://cdn2.fptshop.com.vn/unsafe/800x0/Samsung_Galaxy_Z_Flip6_5_90352fd515.jpg\" /></p>\r\n\r\n<h3><strong>Bước v&agrave;o thế giới ti&ecirc;n tiến của Galaxy AI</strong></h3>\r\n\r\n<p><a href=\"https://fptshop.com.vn/tin-tuc/danh-gia/kham-pha-loat-cong-nghe-ai-vuot-troi-tren-samsung-galaxy-s24-series-173745\">Galaxy AI</a>&nbsp;mang đến những t&iacute;nh năng đột ph&aacute; v&agrave; ứng dụng th&ocirc;ng minh, gi&uacute;p cho người d&ugrave;ng c&oacute; thể tận dụng tối đa tiềm năng của thiết bị Galaxy của m&igrave;nh một c&aacute;ch thuận tiện.</p>\r\n\r\n<p>C&aacute;c t&iacute;nh năng c&oacute; thể kể đến như Khoanh tr&ograve;n để t&igrave;m kiếm (chỉ cần khoanh tr&ograve;n một đối tượng hoặc văn bản để nhận kết quả Google nhanh ch&oacute;ng), Phi&ecirc;n dịch cuộc gọi trực tiếp (dịch thuật trực tiếp theo thời gian thực tr&ecirc;n c&aacute;c ứng dụng kh&aacute;c nhau khi bạn thực hiện cuộc gọi) v&agrave; Trợ l&yacute; ghi &acirc;m (chuyển cuộc hội thoại th&agrave;nh văn bản ghi &acirc;m nhanh ch&oacute;ng, tiện lợi).</p>\r\n\r\n<p><img alt=\"Tính năng Galaxy AI trên Samsung Z Flip6\" src=\"https://cdn2.fptshop.com.vn/unsafe/800x0/Samsung_Galaxy_Z_Flip6_4_7f239b373b.jpg\" /></p>\r\n\r\n<h3><strong>Camera vượt trội, t&iacute;ch hợp AI đỉnh cao</strong></h3>\r\n\r\n<p>Samsung Galaxy Z Flip6 được xem l&agrave; thế hệ Galaxy Z Flip c&oacute; chất lượng camera tốt nhất. Điện thoại được cải tiến cảm biến từ 12MP l&ecirc;n đến 50MP (hỗ trợ thu ph&oacute;ng quang học 2x), mang tới tấm ảnh độ ph&acirc;n giải cao v&agrave; chi tiết r&otilde; r&agrave;ng. Samsung t&iacute;ch hợp c&ocirc;ng nghệ AI đỉnh cao gi&uacute;p ảnh ch&acirc;n dung r&otilde; n&eacute;t, tạo hiệu ứng bokeh tự nhi&ecirc;n, gi&uacute;p bắt trọn những khoảnh khắc tuyệt đẹp v&agrave;o ban ng&agrave;y hay thậm ch&iacute; ban đ&ecirc;m.</p>\r\n\r\n<p><img alt=\"Camera Samsung Galaxy Z Flip6\" src=\"https://cdn2.fptshop.com.vn/unsafe/800x0/Samsung_Galaxy_Z_Flip6_5_e75fc20365.jpg\" /></p>\r\n\r\n<p>T&iacute;nh năng Auto Zoom c&oacute; khả năng tự động nhận diện chủ thể v&agrave; điều chỉnh ph&oacute;ng to, thu nhỏ linh hoạt. Nhờ vậy, việc sở hữu tấm ảnh đẹp khi chụp bằng FlexCam sẽ v&ocirc; c&ugrave;ng dễ d&agrave;ng. Bạn chỉ cần đặt điện thoại tr&ecirc;n mặt phẳng, chỉnh g&oacute;c ph&ugrave; hợp l&agrave; đ&atilde; c&oacute; ngay tấm ảnh y&ecirc;u th&iacute;ch.</p>\r\n', 'Samsung', 7, 5),
(28, 'Xiaomi POCO X6 5G 12GB', '2024-11-22', '<h2>Th&ocirc;ng tin sản phẩm</h2>\r\n\r\n<p>M&ocirc; tả sản phẩm</p>\r\n\r\n<p><img alt=\"https://fptshop.com.vn/\" src=\"https://cdn2.fptshop.com.vn/unsafe/1920x0/filters:quality(100)/Poco_X6_1_cc4182063b.jpg\" /></p>\r\n\r\n<p><img alt=\"https://fptshop.com.vn/\" src=\"https://cdn2.fptshop.com.vn/unsafe/1920x0/filters:quality(100)/Poco_X6_2_9369a010b1.jpg\" /></p>\r\n\r\n<p><img alt=\"https://fptshop.com.vn/\" src=\"https://cdn2.fptshop.com.vn/unsafe/1920x0/filters:quality(100)/Poco_X6_3_4ae81f9ee8.jpg\" /></p>\r\n\r\n<p><img alt=\"https://fptshop.com.vn/\" src=\"https://cdn2.fptshop.com.vn/unsafe/1920x0/filters:quality(100)/Poco_X6_4_6f5f935e4f.jpg\" /></p>\r\n\r\n<p><img alt=\"https://fptshop.com.vn/\" src=\"https://cdn2.fptshop.com.vn/unsafe/1920x0/filters:quality(100)/Poco_X6_5_a033a9d0ae.jpg\" /></p>\r\n\r\n<p><img alt=\"https://fptshop.com.vn/\" src=\"https://cdn2.fptshop.com.vn/unsafe/1920x0/filters:quality(100)/Poco_X6_6_77c5974df0.jpg\" /></p>\r\n\r\n<p><img alt=\"https://fptshop.com.vn/\" src=\"https://cdn2.fptshop.com.vn/unsafe/1920x0/filters:quality(100)/Poco_X6_7_1cf5c60f4b.jpg\" /></p>\r\n\r\n<p><img alt=\"https://fptshop.com.vn/\" src=\"https://cdn2.fptshop.com.vn/unsafe/1920x0/filters:quality(100)/Poco_X6_8_8ff3368793.jpg\" /></p>\r\n\r\n<p><img alt=\"https://fptshop.com.vn/\" src=\"https://cdn2.fptshop.com.vn/unsafe/1920x0/filters:quality(100)/Poco_X6_9_62b96c611f.jpg\" /></p>\r\n\r\n<p><img alt=\"https://fptshop.com.vn/\" src=\"https://cdn2.fptshop.com.vn/unsafe/1920x0/filters:quality(100)/Poco_X6_10_4403aa1f77.jpg\" /></p>\r\n\r\n<p><img alt=\"https://fptshop.com.vn/\" src=\"https://cdn2.fptshop.com.vn/unsafe/1920x0/filters:quality(100)/Poco_X6_11_a192733c31.jpg\" /></p>\r\n\r\n<p><img alt=\"https://fptshop.com.vn/\" src=\"https://cdn2.fptshop.com.vn/unsafe/1920x0/filters:quality(100)/Poco_X6_12_e5f432aff1.jpg\" /></p>\r\n\r\n<p><img alt=\"https://fptshop.com.vn/\" src=\"https://cdn2.fptshop.com.vn/unsafe/1920x0/filters:quality(100)/Poco_X6_13_cd6b46dd3a.jpg\" /></p>\r\n\r\n<p><img alt=\"https://fptshop.com.vn/\" src=\"https://cdn2.fptshop.com.vn/unsafe/1920x0/filters:quality(100)/Poco_X6_14_22149d0418.jpg\" /></p>\r\n\r\n<p><img alt=\"https://fptshop.com.vn/\" src=\"https://cdn2.fptshop.com.vn/unsafe/1920x0/filters:quality(100)/Poco_X6_15_ed4051b934.jpg\" /></p>\r\n\r\n<p><img alt=\"https://fptshop.com.vn/\" src=\"https://cdn2.fptshop.com.vn/unsafe/1920x0/filters:quality(100)/Poco_X6_16_8545452854.jpg\" /></p>\r\n\r\n<p>&nbsp;</p>\r\n\r\n<p><strong>T&acirc;n binh mới tại ph&acirc;n kh&uacute;c smartphone cận cao cấp gọi t&ecirc;n POCO X6 5G. Ấn tượng từ ngoại h&igrave;nh đến hiệu năng, m&agrave;n h&igrave;nh v&agrave; camera,&nbsp;</strong><a href=\"https://fptshop.com.vn/dien-thoai/poco-x6-5g-12gb-256gb\"><strong>POCO X6</strong></a><strong>&nbsp;hứa hẹn mang đến trải nghiệm đầy bất ngờ cho bạn.</strong></p>\r\n\r\n<p><img alt=\"POCO X6 5G 12GB-256GB (hình 1)\" src=\"https://cdn2.fptshop.com.vn/unsafe/800x0/poco_x6_5g_12gb_256gb_1_f1aab2fc64.png\" /></p>\r\n\r\n<h3><strong>Hiệu năng vượt trội từ chip Snapdragon 7s Gen 2</strong></h3>\r\n\r\n<p>POCO X6 được trang bị&nbsp;<a href=\"https://fptshop.com.vn/tin-tuc/danh-gia/thong-tin-ve-snapdragon-153883\">chip Snapdragon</a>&nbsp;7s Gen 2 sản xuất tr&ecirc;n tiến tr&igrave;nh 4nm TSMC, đem đến bước nhảy vọt về hiệu suất. Đ&acirc;y ch&iacute;nh l&agrave; phi&ecirc;n bản thứ ba trong d&ograve;ng Snapdragon 7 của Qualcomm với kiến tr&uacute;c t&aacute;m l&otilde;i, gồm bốn nh&acirc;n&nbsp;<a href=\"https://fptshop.com.vn/tin-tuc/danh-gia/nhung-dieu-can-biet-ve-cortex-a78-cortex-x-va-gpu-mali-g78-bo-cau-truc-duoc-ki-vong-trong-nam-2021-134251\">Cortex A78</a>&nbsp;hiệu suất cao xung nhịp tối đa 2.4GHz v&agrave; bốn nh&acirc;n Cortex A55 tiết kiệm điện tốc độ 1.95GHz. Chipset n&agrave;y cũng t&iacute;ch hợp GPU Adreno 710 v&agrave; đạt điểm AnTuTu 640.170. Với sức mạnh ấn tượng từ vi xử l&yacute;, POCO X6 c&oacute; thể đ&aacute;p ứng tốt tất cả c&aacute;c nhu cầu của người d&ugrave;ng, kh&ocirc;ng chỉ l&agrave; duyệt web, lướt mạng x&atilde; hội, xem YouTube m&agrave; c&ograve;n cho ph&eacute;p chơi được nhiều game đang thịnh h&agrave;nh hiện nay.</p>\r\n\r\n<p><img alt=\"POCO X6 5G 12GB-256GB (hình 2)\" src=\"https://cdn2.fptshop.com.vn/unsafe/800x0/poco_x6_5g_12gb_256gb_2_696da018ba.png\" /></p>\r\n\r\n<h3><strong>RAM 12GB c&oacute; thể mở rộng gấp đ&ocirc;i</strong></h3>\r\n\r\n<p>B&ecirc;n cạnh con chip mạnh, POCO X6 thuộc&nbsp;<a href=\"https://fptshop.com.vn/dien-thoai/xiaomi\">thương hiệu Xiaomi</a>&nbsp;c&ograve;n sở hữu RAM v&agrave; bộ nhớ trong dung lượng cao, cụ thể l&agrave; 12GB RAM v&agrave; 256GB ROM. C&ocirc;ng nghệ mở rộng RAM 3.0 mới nhất gi&uacute;p m&aacute;y tăng gấp đ&ocirc;i lượng&nbsp;<a href=\"https://fptshop.com.vn/tin-tuc/danh-gia/ram-la-gi-bo-nho-ram-dung-de-lam-gi-57115\">RAM</a>&nbsp;sẵn c&oacute;, đạt tối đa đến 24GB. Nhờ đ&oacute;, khả năng xử l&yacute; đa nhiệm được tối ưu, đảm bảo sự mượt m&agrave; khi mở nhiều ứng dụng trong nền, qu&aacute; tr&igrave;nh chuyển đổi vẫn trơn tru. Bộ nhớ lớn lưu trữ dữ liệu thoải m&aacute;i, bao gồm cả h&igrave;nh ảnh, video, tệp tin hay c&aacute;c ứng dụng.</p>\r\n\r\n<p><img alt=\"POCO X6 5G 12GB-256GB (hình 3)\" src=\"https://cdn2.fptshop.com.vn/unsafe/800x0/poco_x6_5g_12gb_256gb_3_1490cb66ef.png\" /></p>\r\n\r\n<h3><strong>M&agrave;n h&igrave;nh AMOLED 1.5K sắc n&eacute;t</strong></h3>\r\n\r\n<p>POCO X6 5G tự h&agrave;o khi xuất hiện với m&agrave;n h&igrave;nh Flow AMOLED 6.67 inch mới nhất, đem đến trải nghiệm tr&agrave;n viền hấp dẫn khi c&aacute;c cạnh bezel được l&agrave;m mỏng đ&aacute;ng kể. Thiết kế n&agrave;y đưa bạn đắm ch&igrave;m v&agrave;o kh&ocirc;ng gian rộng lớn, nơi c&oacute; những h&igrave;nh ảnh sống động v&agrave; cực kỳ sắc n&eacute;t. M&agrave;n h&igrave;nh CrystalRes c&oacute; độ ph&acirc;n giải 2712 x 1220 Pixels si&ecirc;u ấn tượng, cung cấp chất lượng h&igrave;nh ảnh tốt tương đương độ ph&acirc;n giải WQHD+ v&agrave; r&otilde; n&eacute;t hơn m&agrave;n h&igrave;nh FHD+ nhưng lại rất tiết kiệm điện năng.</p>\r\n\r\n<p><img alt=\"POCO X6 5G 12GB-256GB (hình 4)\" src=\"https://cdn2.fptshop.com.vn/unsafe/800x0/poco_x6_5g_12gb_256gb_5_43f44b3d38.png\" /></p>\r\n\r\n<p>Độ phủ m&agrave;u 100%&nbsp;<a href=\"https://fptshop.com.vn/tin-tuc/for-gamers/dci-p3-la-tieu-chuan-mau-nao-151448\">DCI-P3</a>&nbsp;c&ugrave;ng khả năng hiển thị hơn 68 tỷ m&agrave;u đảm bảo m&agrave;u sắc tự nhi&ecirc;n v&agrave; v&ocirc; c&ugrave;ng ch&acirc;n thực. Bạn sẽ cảm nhận được từng sự biến chuyển nhỏ nhất của c&aacute;c chi tiết tr&ecirc;n m&agrave;n h&igrave;nh. Độ s&aacute;ng tối đa 1800 nits cho ph&eacute;p sử dụng tốt cả ở trong nh&agrave; v&agrave; ngo&agrave;i trời, thậm ch&iacute; ở nơi c&oacute; &aacute;nh s&aacute;ng mạnh chiếu trực tiếp.</p>\r\n\r\n<h3><strong>Mượt m&agrave; với tần số qu&eacute;t 120Hz</strong></h3>\r\n\r\n<p>Với tần số qu&eacute;t 120Hz, mọi chuyển động tr&ecirc;n m&agrave;n h&igrave;nh sẽ diễn ra mượt m&agrave;, độ trễ được giảm tối đa. Ngo&agrave;i ra, bạn cũng c&oacute; thể t&ugrave;y chỉnh mức tốc độ l&agrave;m tươi ph&ugrave; hợp dựa theo nhu cầu cũng như t&aacute;c vụ đang thực hiện để tối ưu trải nghiệm, đồng thời vẫn tiết kiệm điện năng, k&eacute;o d&agrave;i thời gian sử dụng cho mỗi lần sạc. Tốc độ lấy mẫu cảm ứng tức th&igrave; 2160Hz đem đến khả năng điều khiển ch&iacute;nh x&aacute;c cao hơn gấp 16 lần so với m&agrave;n h&igrave;nh th&ocirc;ng thường. Điều n&agrave;y gi&uacute;p bạn điều khiển thao t&aacute;c trong game nhanh v&agrave; ổn định hơn.</p>\r\n\r\n<p><img alt=\"POCO X6 5G 12GB-256GB (hình 5)\" src=\"https://cdn2.fptshop.com.vn/unsafe/800x0/poco_x6_5g_12gb_256gb_6_4196e987e4.png\" /></p>\r\n\r\n<p>M&agrave;n h&igrave;nh của POCO X6 5G cũng đạt chứng nhận T&Uuml;V Rheinland, th&acirc;n thiện với đặc t&iacute;nh sinh học của mắt, giảm nhấp nh&aacute;y v&agrave; giảm &aacute;nh s&aacute;ng xanh g&acirc;y hại. T&iacute;nh năng tự động điều chỉnh m&agrave;u sắc t&ugrave;y theo ứng dụng v&agrave; thời gian cũng gi&uacute;p mắt được thoải m&aacute;i hơn khi sử dụng.</p>\r\n\r\n<h3><strong>Ghi dấu mọi khoảnh khắc với camera chất lượng</strong></h3>\r\n\r\n<p>POCO X6 5G sử dụng lối thiết kế cụm camera lồi cổ điển với phần viền module bao quanh. Nằm b&ecirc;n trong l&agrave; camera ch&iacute;nh 64MP, camera g&oacute;c si&ecirc;u rộng 8MP v&agrave; camera cận cảnh 2MP. Sự g&oacute;p mặt của AI gi&uacute;p tối ưu chất lượng ảnh, đem đến những bức h&igrave;nh đẹp thật đơn giản, ghi lại to&agrave;n bộ khoảnh khắc qu&yacute; gi&aacute; trong cuộc sống.</p>\r\n\r\n<p><img alt=\"POCO X6 5G 12GB-256GB (hình 6)\" src=\"https://cdn2.fptshop.com.vn/unsafe/800x0/poco_x6_5g_12gb_256gb_7_0ab4190e87.png\" /></p>\r\n\r\n<p>Ở POCO X6 c&oacute; cả c&ocirc;ng nghệ chống rung quang học (OIS) v&agrave; chống rung điện tử (EIS). Ứng dụng n&agrave;y mang tới những thước phim với độ ổn định cao, loại bỏ rung lắc, cho ph&eacute;p bạn quay video r&otilde; n&eacute;t ngay cả khi quay ở chế độ 4K hoặc quay khi đang di chuyển.</p>\r\n\r\n<h3><strong>Thu ph&oacute;ng 2X kh&ocirc;ng mất dữ liệu</strong></h3>\r\n\r\n<p>Sử dụng POCO X6 5G, bạn c&oacute; thể thu ph&oacute;ng 2X ngay trong cảm biến m&agrave; kh&ocirc;ng lo mất dữ liệu, ảnh vẫn r&otilde; n&eacute;t khi chụp ở khoảng c&aacute;ch xa. C&aacute;c bộ lọc v&agrave; khung m&agrave;u phim được bổ sung tạo điều kiện để bạn thỏa sức s&aacute;ng tạo, c&oacute; ngay những t&aacute;c phẩm nghệ thuật ấn tượng chỉ trong gi&acirc;y l&aacute;t.</p>\r\n\r\n<p><img alt=\"POCO X6 5G 12GB-256GB (hình 7)\" src=\"https://cdn2.fptshop.com.vn/unsafe/800x0/poco_x6_5g_12gb_256gb_8_3f7bd3c7b4.png\" /></p>\r\n\r\n<h3><strong>Thiết kế trẻ trung, phong c&aacute;ch</strong></h3>\r\n\r\n<p>Thiết kế l&agrave; một điểm cộng s&aacute;ng gi&aacute; của POCO X6, thể hiện sự thanh lịch nhưng cũng đầy cuốn h&uacute;t. Sản phẩm gồm ba m&agrave;u Trắng, Xanh v&agrave; Đen, mỗi phi&ecirc;n bản mang một hơi thở kh&aacute;c nhau, ph&ugrave; hợp với c&aacute; t&iacute;nh cũng như sở th&iacute;ch của mỗi người.</p>\r\n\r\n<p>Th&acirc;n m&aacute;y mỏng chỉ 7.98mm, trọng lượng 181g, cả mặt lưng v&agrave; phần khung đều được ho&agrave;n thiện từ nhựa, cho cảm gi&aacute;c cầm thoải m&aacute;i. Tổng thể vu&ocirc;ng vức c&ugrave;ng c&aacute;c cạnh xung quanh được l&agrave;m phẳng tạo n&ecirc;n diện mạo hiện đại, đ&uacute;ng với xu thế thiết kế smartphone đang thịnh h&agrave;nh hiện nay.</p>\r\n', 'Xioami', 7, 7),
(29, 'Realme 13+ 5G 8GB', '2024-11-22', '<h2>Th&ocirc;ng tin sản phẩm</h2>\r\n\r\n<p>M&ocirc; tả sản phẩm</p>\r\n\r\n<p><img alt=\"https://fptshop.com.vn/\" src=\"https://cdn2.fptshop.com.vn/unsafe/1920x0/filters:quality(100)/Realme_13_1_2699640313.jpg\" /></p>\r\n\r\n<p><img alt=\"https://fptshop.com.vn/\" src=\"https://cdn2.fptshop.com.vn/unsafe/1920x0/filters:quality(100)/Realme_13_2_882db46ae1.jpg\" /></p>\r\n\r\n<p><img alt=\"https://fptshop.com.vn/\" src=\"https://cdn2.fptshop.com.vn/unsafe/1920x0/filters:quality(100)/Realme_13_den_1_551d7ab016.jpg\" /></p>\r\n\r\n<p><img alt=\"https://fptshop.com.vn/\" src=\"https://cdn2.fptshop.com.vn/unsafe/1920x0/filters:quality(100)/Realme_13_4_cdddd8e922.jpg\" /></p>\r\n\r\n<p><img alt=\"https://fptshop.com.vn/\" src=\"https://cdn2.fptshop.com.vn/unsafe/1920x0/filters:quality(100)/Realme_13_den_3_7a799f365d.jpg\" /></p>\r\n\r\n<p><img alt=\"https://fptshop.com.vn/\" src=\"https://cdn2.fptshop.com.vn/unsafe/1920x0/filters:quality(100)/Realme_13_den_4_5590faf5cb.jpg\" /></p>\r\n\r\n<p><img alt=\"https://fptshop.com.vn/\" src=\"https://cdn2.fptshop.com.vn/unsafe/1920x0/filters:quality(100)/Realme_13_den_5_0ce6325f59.jpg\" /></p>\r\n\r\n<p><img alt=\"https://fptshop.com.vn/\" src=\"https://cdn2.fptshop.com.vn/unsafe/1920x0/filters:quality(100)/Realme_13_den_7_b8326756b7.jpg\" /></p>\r\n\r\n<p><img alt=\"https://fptshop.com.vn/\" src=\"https://cdn2.fptshop.com.vn/unsafe/1920x0/filters:quality(100)/Realme_13_den_6_4883474f48.jpg\" /></p>\r\n\r\n<p><img alt=\"https://fptshop.com.vn/\" src=\"https://cdn2.fptshop.com.vn/unsafe/1920x0/filters:quality(100)/Realme_13_den_9_fa6a616e13.jpg\" /></p>\r\n\r\n<p><img alt=\"https://fptshop.com.vn/\" src=\"https://cdn2.fptshop.com.vn/unsafe/1920x0/filters:quality(100)/Realme_13_den_8_d9a3cc23af.jpg\" /></p>\r\n\r\n<p><img alt=\"https://fptshop.com.vn/\" src=\"https://cdn2.fptshop.com.vn/unsafe/1920x0/filters:quality(100)/Realme_13_11_84434c0fb3.jpg\" /></p>\r\n\r\n<p><img alt=\"https://fptshop.com.vn/\" src=\"https://cdn2.fptshop.com.vn/unsafe/1920x0/filters:quality(100)/Realme_13_13_aa009f3346.jpg\" /></p>\r\n\r\n<p><img alt=\"https://fptshop.com.vn/\" src=\"https://cdn2.fptshop.com.vn/unsafe/1920x0/filters:quality(100)/Realme_13_14_93f8cb9072.jpg\" /></p>\r\n\r\n<p><img alt=\"https://fptshop.com.vn/\" src=\"https://cdn2.fptshop.com.vn/unsafe/1920x0/filters:quality(100)/Realme_13_15_406a2821c5.jpg\" /></p>\r\n\r\n<p><img alt=\"https://fptshop.com.vn/\" src=\"https://cdn2.fptshop.com.vn/unsafe/1920x0/filters:quality(100)/Realme_13_16_4a7e3c2efa.jpg\" /></p>\r\n\r\n<p>&nbsp;</p>\r\n\r\n<p dir=\"ltr\"><strong>L&agrave; cỗ m&aacute;y chiến game kh&ocirc;ng lag,&nbsp;</strong><a href=\"https://fptshop.com.vn/dien-thoai/realme-13-plus-5g\"><strong>realme 13+ 5G</strong></a><strong>&nbsp;l&agrave; một l&agrave;n gi&oacute; mới m&agrave; mọi game thủ n&ecirc;n sở hữu cho ri&ecirc;ng m&igrave;nh.&nbsp;</strong><a href=\"https://fptshop.com.vn/dien-thoai\"><strong>Điện thoại</strong></a><strong>&nbsp;mang đến hiệu năng khủng 3 trong 1, hệ thống nghe nh&igrave;n chất lượng c&ugrave;ng cụm camera với cảm biến SONY đỉnh cao sẽ gi&uacute;p cho bạn c&oacute; những gi&acirc;y ph&uacute;t tận hưởng tột đỉnh d&ugrave; chỉ bỏ ra chưa đến 10 triệu đồng.</strong></p>\r\n\r\n<p><img alt=\"realme 13+ 5G\" src=\"https://cdn2.fptshop.com.vn/unsafe/800x0/realme_13_5g_fd4e176f70.jpg\" /></p>\r\n\r\n<h3 dir=\"ltr\"><strong>Chinh phục tựa game m&agrave; bạn đang tham chiến</strong></h3>\r\n\r\n<p dir=\"ltr\">Được trang bị chipset Dimensity 7300 Energy 5G x&acirc;y dựng theo tiến tr&igrave;nh 4nm ti&ecirc;n tiến nhất, hiệu suất của realme 13+ 5G được n&acirc;ng l&ecirc;n tầm cao mới. Hiệu suất CPU v&agrave; GPU được cải thiện đ&aacute;ng kể lần lượt l&agrave; 25% v&agrave; 20% c&ugrave;ng với mức ti&ecirc;u thụ năng lượng giảm mạnh so với thế hệ trước sẽ gi&uacute;p bạn c&oacute; thể chinh phục mọi tựa game d&ugrave; l&agrave; đồ họa cao.</p>\r\n\r\n<p><img alt=\"Chipset realme 13+ 5G\" src=\"https://cdn2.fptshop.com.vn/unsafe/800x0/realme_13_5g_2_4e48fa25ab.jpg\" /></p>\r\n\r\n<p dir=\"ltr\"><a href=\"https://fptshop.com.vn/dien-thoai/realme\">realme</a>&nbsp;đ&atilde; hợp t&aacute;c với T&Uuml;V S&Uuml;D để thực hiện c&aacute;c b&agrave;i kiểm tra nghi&ecirc;m ngặt về hiệu suất khi chơi game v&agrave; realme 13+ 5G đ&atilde; vượt qua c&aacute;c b&agrave;i kiểm tra li&ecirc;n quan đến tốc độ phản hồi, tốc độ khung h&igrave;nh khi chơi game v&agrave; một số b&agrave;i test kh&aacute;c. Nhờ vậy, thiết bị sẽ đảm bảo hiệu suất mượt m&agrave; ngay cả khi bạn chơi game li&ecirc;n tục trong thời gian d&agrave;i.</p>\r\n\r\n<p><img alt=\"realme 13+ 5G đạt chứng nhận TUV SUD\" src=\"https://cdn2.fptshop.com.vn/unsafe/800x0/realme_13_5g_3_387d6c7179.jpg\" /></p>\r\n\r\n<p dir=\"ltr\">Kh&ocirc;ng những vậy, realme 13+ 5G c&ograve;n l&agrave; smartphone đầu ti&ecirc;n trong ph&acirc;n kh&uacute;c hỗ trợ tốc độ khung h&igrave;nh 90fps cho 6 tựa game to&agrave;n cầu lớn, mang đến trải nghiệm chơi game mượt m&agrave; cho game thủ Việt Nam n&oacute;i ri&ecirc;ng v&agrave; thế giới n&oacute;i chung. Đặc biệt, điện thoại c&ograve;n t&iacute;ch hợp chế độ GT được t&ugrave;y chỉnh d&agrave;nh ri&ecirc;ng cho game thủ nhằm khai th&aacute;c hiệu suất chơi game tối đa với c&aacute;c t&iacute;nh năng chơi game c&aacute; nh&acirc;n h&oacute;a, từ đ&oacute; gi&uacute;p trải nghiệm chơi game di động sẽ được duy tr&igrave; ở cấp độ cao nhất.</p>\r\n\r\n<p><img alt=\"90fps trên realme 13+ 5G\" src=\"https://cdn2.fptshop.com.vn/unsafe/800x0/realme_13_5g_4_df1a59ee02.jpg\" /></p>\r\n\r\n<p dir=\"ltr\">Ngo&agrave;i ra, điện thoại c&ograve;n được trang bị th&ecirc;m c&aacute;c t&iacute;nh năng hỗ trợ cho việc chơi game như Tinh chỉnh sức mạnh Geek, chế độ Game Focus, Thay đổi giọng n&oacute;i, Bộ lọc game v&agrave; khởi động nhanh.</p>\r\n\r\n<h3 dir=\"ltr\"><strong>RAM si&ecirc;u khủng với RAM mở rộng được n&acirc;ng cấp</strong></h3>\r\n\r\n<p dir=\"ltr\">realme 13+ 5G sở hữu 2 t&ugrave;y chọn RAM l&agrave; 8GB v&agrave; 12GB, kết hợp với RAM Mở rộng c&oacute; thể đạt tối đa 14GB cho t&ugrave;y chọn cao nhất sẽ gi&uacute;p bộ nhớ RAM đạt được tối đa l&ecirc;n đến 26GB. Điều n&agrave;y gi&uacute;p cho khả năng xử l&yacute; đa nhiệm của m&aacute;y trở n&ecirc;n mượt m&agrave; v&agrave; trơn tru hơn, người d&ugrave;ng c&oacute; thể mở c&ugrave;ng l&uacute;c hơn 30 ứng dụng chạy nền.</p>\r\n\r\n<p dir=\"ltr\"><em>Lưu &yacute;: RAM Mở rộng 14GB chỉ khả dụng cho phi&ecirc;n bản bộ nhớ cao nhất (12GB - 256GB)</em></p>\r\n\r\n<p><img alt=\"RAM đến 26GB trên realme 13+ 5G\" src=\"https://cdn2.fptshop.com.vn/unsafe/800x0/realme_13_5g_5_ec070b00ab.jpg\" /></p>\r\n\r\n<p dir=\"ltr\">Kết hợp với đ&oacute; l&agrave; bộ nhớ trong cao nhất l&ecirc;n đến 256GB, cho ph&eacute;p bạn c&oacute; thể tải về v&agrave; lưu trữ đến 70 tr&ograve; chơi, 900+ bộ phim truyền h&igrave;nh, v&agrave; 56.000 ảnh hoặc b&agrave;i h&aacute;t y&ecirc;u th&iacute;ch của m&igrave;nh.</p>\r\n\r\n<h3 dir=\"ltr\"><strong>T&iacute;ch hợp sạc si&ecirc;u nhanh đến 80W</strong></h3>\r\n\r\n<p dir=\"ltr\">realme 13+ 5G tự h&agrave;o l&agrave; thiết bị hỗ trợ sạc nhanh bậc nhất ph&acirc;n kh&uacute;c khi cung cấp khả năng sạc đến 80W v&agrave; chỉ cần v&agrave;i ph&uacute;t sạc, bạn sẽ c&oacute; ngay v&agrave;i tiếng chơi game thỏa th&iacute;ch. Vi&ecirc;n pin 5000mAh sẽ cho ph&eacute;p bạn chiến game trong v&ograve;ng 9 giờ li&ecirc;n tục v&agrave; chỉ mất khoảng 19 l&agrave; c&oacute; thể nạp được 50% pin. Điều n&agrave;y gi&uacute;p cho người d&ugrave;ng lu&ocirc;n trong trạng th&aacute;i đầy năng lượng để giải tr&iacute; liền mạch hơn.</p>\r\n\r\n<p><img alt=\"Sạc 80W trên realme 13+ 5G\" src=\"https://cdn2.fptshop.com.vn/unsafe/800x0/realme_13_5g_6_590e2e2e15.jpg\" /></p>\r\n\r\n<h3 dir=\"ltr\"><strong>Hệ thống tản nhiệt cao cấp</strong></h3>\r\n\r\n<p dir=\"ltr\">realme 13+ 5G nổi bật hơn hết nhờ trang bị hệ thống tản nhiệt buồng hơi ti&ecirc;n tiến nhất trong ph&acirc;n kh&uacute;c gi&aacute;. Khu vực tản nhiệt n&agrave;y si&ecirc;u lớn với 6050mm&sup2; kết hợp c&ugrave;ng hệ thống tản nhiệt 9 lớp mang lại hiệu suất m&aacute;t mẻ v&agrave; ổn định hơn. Nhiệt độ của m&aacute;y lu&ocirc;n giữ ở trạng th&aacute;i thấp sẽ gi&uacute;p bạn sử dụng dễ chịu hơn khi cầm nắm cũng như hiệu năng được tối ưu v&agrave; vận h&agrave;nh một c&aacute;ch tốt nhất.</p>\r\n\r\n<p><img alt=\"Hệ thống tản nhiệt trên realme 13+ 5G\" src=\"https://cdn2.fptshop.com.vn/unsafe/800x0/realme_13_5g_7_1b30b1fc2a.jpg\" /></p>\r\n\r\n<h3 dir=\"ltr\"><strong>Cảm biến SONY lớn cho những bức ảnh r&otilde; n&eacute;t</strong></h3>\r\n\r\n<p dir=\"ltr\">realme 13+ 5G sở hữu cụm camera 50MP với cảm biến Sony LYT-600 v&agrave; hỗ trợ chống rung quang học OIS. Hệ thống camera n&agrave;y gi&uacute;p ghi lại những bức ảnh v&agrave; video chất lượng với độ ổn định khung h&igrave;nh tốt. Với hệ thống h&igrave;nh ảnh ti&ecirc;n tiến LightFusion được thiết kế để l&agrave;m nổi bật chủ thể, bạn sẽ thấy r&otilde; được hiệu ứng &aacute;nh s&aacute;ng tuyệt vời trong từng bức ảnh d&ugrave; ở điều kiện &aacute;nh s&aacute;ng n&agrave;o.</p>\r\n\r\n<p><img alt=\"Hệ thống camera realme 13+ 5G\" src=\"https://cdn2.fptshop.com.vn/unsafe/800x0/realme_13_5g_8_65995e7244.jpg\" /></p>\r\n\r\n<p dir=\"ltr\">Với hiệu ứng l&agrave;m mờ nền tự nhi&ecirc;n cấp chuy&ecirc;n nghiệp c&oacute; tr&ecirc;n realme 13+ 5G v&agrave; khả năng thu thập chi tiết chủ thể r&otilde; n&eacute;t, bạn c&oacute; thể ghi lại những khoảnh khắc đẹp nhất chỉ bằng một c&uacute; nhấn chụp v&agrave;o m&agrave;n h&igrave;nh. Giờ đ&acirc;y, nhu cầu chụp ch&acirc;n dung sẽ được đ&aacute;p ứng dễ d&agrave;ng hơn bao giờ hết. Hơn nữa, thiết bị c&ograve;n hỗ trợ c&ocirc;ng nghệ HDR gi&uacute;p bức ảnh được chụp lại với độ ch&acirc;n thực v&agrave; sắc n&eacute;t d&ugrave; cho bạn đang ở m&ocirc;i trường ngược s&aacute;ng.</p>\r\n\r\n<p><img alt=\"Nhiều chế độ chụp ảnh realme 13+ 5G\" src=\"https://cdn2.fptshop.com.vn/unsafe/800x0/realme_13_5g_9_3f664dfbe6.jpg\" /></p>\r\n\r\n<h3 dir=\"ltr\"><strong>M&agrave;n h&igrave;nh OLED chuy&ecirc;n nghiệp cho e-Sports</strong></h3>\r\n\r\n<p dir=\"ltr\">realme 13+ 5G trang bị m&agrave;n h&igrave;nh OLED chuẩn flagship v&agrave; th&acirc;n thiện với mắt người d&ugrave;ng. nhờ c&oacute; tần số qu&eacute;t 120Hz v&agrave; c&ocirc;ng nghệ Pro-XDR h&agrave;ng đầu t&iacute;ch hợp khả năng bảo vệ mắt. Điện thoại mới nh&agrave; realme mang đến trải nghiệm h&igrave;nh ảnh si&ecirc;u mượt, cho cảm gi&aacute;c chơi game v&agrave; giải tr&iacute; sống động, đắm ch&igrave;m.</p>\r\n\r\n<p><img alt=\"Màn hình realme 13+ 5G\" src=\"https://cdn2.fptshop.com.vn/unsafe/800x0/realme_13_5g_10_cdd78b313b.jpg\" /></p>\r\n\r\n<p dir=\"ltr\">M&agrave;n h&igrave;nh n&agrave;y c&ograve;n c&oacute; độ s&aacute;ng l&ecirc;n đến 2000 nits, cho ph&eacute;p bạn sử dụng dưới &aacute;nh nắng dễ d&agrave;ng. B&ecirc;n cạnh đ&oacute;, m&aacute;y c&ograve;n c&oacute; t&iacute;nh năng cảm ứng th&ocirc;ng minh, gi&uacute;p bạn vẫn thao t&aacute;c được m&agrave;n h&igrave;nh ngay khi đi dưới mưa.</p>\r\n\r\n<h3 dir=\"ltr\"><strong>Thiết kế như một chiến thần tốc độ</strong></h3>\r\n\r\n<p dir=\"ltr\">realme 13+ 5G l&agrave; sản phẩm hướng đến game thủ khi ngo&agrave;i hiệu năng tối ưu cho việc chơi game, m&aacute;y c&ograve;n c&oacute; vẻ ngo&agrave;i được lấy cảm hứng từ một chiếc xe đua với c&aacute;c đường n&eacute;t uốn cong tinh xảo v&agrave; kết cấu c&aacute;c tia chớp tốc độ thể hiện sự mạnh mẽ. Điện thoại vừa mang đến cảm gi&aacute;c đầy thể thao tr&ecirc;n tay bạn, vừa gi&uacute;p bạn tận hưởng v&agrave;o kh&ocirc;ng gian tr&ograve; chơi y&ecirc;u th&iacute;ch của m&igrave;nh bất cứ l&uacute;c n&agrave;o.</p>\r\n', 'Realme', 7, 8);
INSERT INTO `sanpham` (`ma_sp`, `ten_sp`, `ngaynhap`, `mota_sanpham`, `hang_sanxuat`, `ma_danhmuc`, `ma_danhmuc_con`) VALUES
(30, 'Samsung Galaxy S24 Ultra 5G', '2024-11-22', '<h2>Th&ocirc;ng tin sản phẩm</h2>\r\n\r\n<p>M&ocirc; tả sản phẩm</p>\r\n\r\n<p><img alt=\"https://fptshop.com.vn/\" src=\"https://cdn2.fptshop.com.vn/unsafe/1920x0/filters:quality(100)/2024_1_28_638420348759192239_SS24U%20Den-1.jpg\" /></p>\r\n\r\n<p><img alt=\"https://fptshop.com.vn/\" src=\"https://cdn2.fptshop.com.vn/unsafe/1920x0/filters:quality(100)/2024_1_28_638420348759660959_SS24U%20Den-4.jpg\" /></p>\r\n\r\n<p><img alt=\"https://fptshop.com.vn/\" src=\"https://cdn2.fptshop.com.vn/unsafe/1920x0/filters:quality(100)/2024_1_28_638420348759817285_SS24U%20Den-3.jpg\" /></p>\r\n\r\n<p><img alt=\"https://fptshop.com.vn/\" src=\"https://cdn2.fptshop.com.vn/unsafe/1920x0/filters:quality(100)/2024_1_28_638420348759817285_SS24U%20Den-2.jpg\" /></p>\r\n\r\n<p><img alt=\"https://fptshop.com.vn/\" src=\"https://cdn2.fptshop.com.vn/unsafe/1920x0/filters:quality(100)/2024_1_28_638420348760442302_SS24U%20Den-6.jpg\" /></p>\r\n\r\n<p><img alt=\"https://fptshop.com.vn/\" src=\"https://cdn2.fptshop.com.vn/unsafe/1920x0/filters:quality(100)/2024_1_28_638420348761379804_SS24U%20Den-7.jpg\" /></p>\r\n\r\n<p><img alt=\"https://fptshop.com.vn/\" src=\"https://cdn2.fptshop.com.vn/unsafe/1920x0/filters:quality(100)/2024_1_28_638420348762161115_SS24U%20Den-8.jpg\" /></p>\r\n\r\n<p><img alt=\"https://fptshop.com.vn/\" src=\"https://cdn2.fptshop.com.vn/unsafe/1920x0/filters:quality(100)/2024_1_28_638420348763304890_SS24U%20Den-11.jpg\" /></p>\r\n\r\n<p><img alt=\"https://fptshop.com.vn/\" src=\"https://cdn2.fptshop.com.vn/unsafe/1920x0/filters:quality(100)/2024_1_28_638420348762836005_SS24U%20Den-10.jpg\" /></p>\r\n\r\n<p><img alt=\"https://fptshop.com.vn/\" src=\"https://cdn2.fptshop.com.vn/unsafe/1920x0/filters:quality(100)/2024_1_28_638420348762836005_SS24U%20Den-9.jpg\" /></p>\r\n\r\n<p><img alt=\"https://fptshop.com.vn/\" src=\"https://cdn2.fptshop.com.vn/unsafe/1920x0/filters:quality(100)/2024_1_28_638420348763617158_SS24U%20Den-12.jpg\" /></p>\r\n\r\n<p><img alt=\"https://fptshop.com.vn/\" src=\"https://cdn2.fptshop.com.vn/unsafe/1920x0/filters:quality(100)/2024_1_28_638420348764248677_SS24U%20Den-13.jpg\" /></p>\r\n\r\n<p><img alt=\"https://fptshop.com.vn/\" src=\"https://cdn2.fptshop.com.vn/unsafe/1920x0/filters:quality(100)/2024_1_28_638420348765351216_SS24U%20Den-14.jpg\" /></p>\r\n\r\n<p><img alt=\"https://fptshop.com.vn/\" src=\"https://cdn2.fptshop.com.vn/unsafe/1920x0/filters:quality(100)/2024_1_28_638420348766444973_SS24U%20Den-15.jpg\" /></p>\r\n\r\n<p><img alt=\"https://fptshop.com.vn/\" src=\"https://cdn2.fptshop.com.vn/unsafe/1920x0/filters:quality(100)/2024_1_28_638420348766913351_SS24U%20Den-18.jpg\" /></p>\r\n\r\n<p><img alt=\"https://fptshop.com.vn/\" src=\"https://cdn2.fptshop.com.vn/unsafe/1920x0/filters:quality(100)/2024_1_28_638420348766599939_SS24U%20Den-16.jpg\" /></p>\r\n\r\n<p><img alt=\"https://fptshop.com.vn/\" src=\"https://cdn2.fptshop.com.vn/unsafe/1920x0/filters:quality(100)/2024_1_28_638420348767382283_SS24U%20Den-19.jpg\" /></p>\r\n\r\n<p><img alt=\"https://fptshop.com.vn/\" src=\"https://cdn2.fptshop.com.vn/unsafe/1920x0/filters:quality(100)/2024_1_28_638420349803916977_SS%20S24U-1.jpg\" /></p>\r\n\r\n<p><img alt=\"https://fptshop.com.vn/\" src=\"https://cdn2.fptshop.com.vn/unsafe/1920x0/filters:quality(100)/2024_1_28_638420349804183502_SS%20S24U-5.jpg\" /></p>\r\n\r\n<p><img alt=\"https://fptshop.com.vn/\" src=\"https://cdn2.fptshop.com.vn/unsafe/1920x0/filters:quality(100)/2024_1_28_638420349804326543_SS%20S24U-6.jpg\" /></p>\r\n\r\n<p><img alt=\"https://fptshop.com.vn/\" src=\"https://cdn2.fptshop.com.vn/unsafe/1920x0/filters:quality(100)/2024_1_28_638420349804326543_SS%20S24U-4.jpg\" /></p>\r\n\r\n<p><img alt=\"https://fptshop.com.vn/\" src=\"https://cdn2.fptshop.com.vn/unsafe/1920x0/filters:quality(100)/2024_1_28_638420349804580020_SS%20S24U-3.jpg\" /></p>\r\n\r\n<p><img alt=\"https://fptshop.com.vn/\" src=\"https://cdn2.fptshop.com.vn/unsafe/1920x0/filters:quality(100)/2024_1_28_638420349804483404_SS%20S24U-2.jpg\" /></p>\r\n\r\n<p><img alt=\"https://fptshop.com.vn/\" src=\"https://cdn2.fptshop.com.vn/unsafe/1920x0/filters:quality(100)/2024_1_28_638420349806939587_SS%20S24U-7.jpg\" /></p>\r\n\r\n<p><img alt=\"https://fptshop.com.vn/\" src=\"https://cdn2.fptshop.com.vn/unsafe/1920x0/filters:quality(100)/2024_1_28_638420349808034745_SS%20S24U-8.jpg\" /></p>\r\n\r\n<p><img alt=\"https://fptshop.com.vn/\" src=\"https://cdn2.fptshop.com.vn/unsafe/1920x0/filters:quality(100)/2024_1_28_638420349808191016_SS%20S24U-9.jpg\" /></p>\r\n\r\n<p><img alt=\"https://fptshop.com.vn/\" src=\"https://cdn2.fptshop.com.vn/unsafe/1920x0/filters:quality(100)/2024_1_28_638420349808347254_SS%20S24U-11.jpg\" /></p>\r\n\r\n<p><img alt=\"https://fptshop.com.vn/\" src=\"https://cdn2.fptshop.com.vn/unsafe/1920x0/filters:quality(100)/2024_1_28_638420349808659758_SS%20S24U-12.jpg\" /></p>\r\n\r\n<p><img alt=\"https://fptshop.com.vn/\" src=\"https://cdn2.fptshop.com.vn/unsafe/1920x0/filters:quality(100)/2024_1_28_638420349808947413_SS%20S24U-13.jpg\" /></p>\r\n\r\n<p><img alt=\"https://fptshop.com.vn/\" src=\"https://cdn2.fptshop.com.vn/unsafe/1920x0/filters:quality(100)/2024_1_28_638420349809268184_SS%20S24U-14.jpg\" /></p>\r\n\r\n<p><img alt=\"https://fptshop.com.vn/\" src=\"https://cdn2.fptshop.com.vn/unsafe/1920x0/filters:quality(100)/2024_1_28_638420349810518278_SS%20S24U-15.jpg\" /></p>\r\n\r\n<p><img alt=\"https://fptshop.com.vn/\" src=\"https://cdn2.fptshop.com.vn/unsafe/1920x0/filters:quality(100)/2024_1_28_638420349810986982_SS%20S24U-16.jpg\" /></p>\r\n\r\n<p><img alt=\"https://fptshop.com.vn/\" src=\"https://cdn2.fptshop.com.vn/unsafe/1920x0/filters:quality(100)/2024_1_28_638420349811455813_SS%20S24U-17.jpg\" /></p>\r\n\r\n<p><img alt=\"https://fptshop.com.vn/\" src=\"https://cdn2.fptshop.com.vn/unsafe/1920x0/filters:quality(100)/2024_1_28_638420349812399079_SS%20S24U-19.jpg\" /></p>\r\n\r\n<p><img alt=\"https://fptshop.com.vn/\" src=\"https://cdn2.fptshop.com.vn/unsafe/1920x0/filters:quality(100)/2024_1_28_638420349812556008_SS%20S24U-20.jpg\" /></p>\r\n\r\n<p><img alt=\"https://fptshop.com.vn/\" src=\"https://cdn2.fptshop.com.vn/unsafe/1920x0/filters:quality(100)/2024_1_28_638420349812556008_SS%20S24U-18.jpg\" /></p>\r\n\r\n<p><img alt=\"https://fptshop.com.vn/\" src=\"https://cdn2.fptshop.com.vn/unsafe/1920x0/filters:quality(100)/2024_1_28_638420349813962282_SS%20S24U-10.jpg\" /></p>\r\n\r\n<p><img alt=\"https://fptshop.com.vn/\" src=\"https://cdn2.fptshop.com.vn/unsafe/1920x0/filters:quality(100)/2024_1_28_638420371628703246_SS24U%20Den-5.jpg\" /></p>\r\n\r\n<p><img alt=\"https://fptshop.com.vn/\" src=\"https://cdn2.fptshop.com.vn/unsafe/1920x0/filters:quality(100)/2024_1_28_638420371629016216_SS24U%20Den-17.jpg\" /></p>\r\n\r\n<p>&nbsp;</p>\r\n\r\n<p><strong>Samsung Galaxy S24 Ultra l&agrave; chiếc điện thoại Galaxy th&ocirc;ng minh nhất từ trước đến nay với quyền năng kết nối, quyền năng s&aacute;ng tạo v&agrave; quyền năng giải tr&iacute; đều được hỗ trợ bởi tr&iacute; tuệ nh&acirc;n tạo Galaxy AI. Thiết kế ho&agrave;n to&agrave;n mới từ bộ khung Titan đẳng cấp, si&ecirc;u camera độ ph&acirc;n giải l&ecirc;n tới 200MP v&agrave; bộ vi xử l&yacute; Snapdragon 8 Gen 3 for Galaxy sẽ mang đến trải nghiệm th&uacute; vị chưa từng c&oacute; d&agrave;nh cho bạn.</strong></p>\r\n\r\n<p><img alt=\"Samsung Galaxy S24 Ultra\" src=\"https://cdn2.fptshop.com.vn/unsafe/564x0/filters:quality(80)/Uploads/images/2015/Tin-Tuc/02/Samsung-Galaxy-S24-Ultra-6.png\" /></p>\r\n\r\n<h2><strong>Galaxy S24 Ultra c&oacute; g&igrave; mới?</strong></h2>\r\n\r\n<h3><strong>Kết nối kh&ocirc;ng giới hạn c&ugrave;ng Galaxy AI</strong></h3>\r\n\r\n<p>Với quyền năng kết nối tr&ecirc;n Samsung Galaxy S24 Ultra, bạn c&oacute; thể kết nối với thế giới dễ d&agrave;ng hơn bao giờ hết, vượt qua mọi r&agrave;o cản ng&ocirc;n ngữ khi giao tiếp. Kh&ocirc;ng chỉ dịch thuật th&ocirc;ng thường, S24 Ultra c&ograve;n c&oacute; khả năng phi&ecirc;n dịch trực tiếp cuộc gọi hai chiều theo thời gian thực. Thậm ch&iacute; bạn kh&ocirc;ng cần phải kết nối Internet cũng c&oacute; thể hiểu đối phương đang n&oacute;i g&igrave; v&agrave; ngược lại. T&iacute;nh năng n&agrave;y gi&uacute;p bạn c&oacute; thể giao tiếp xuy&ecirc;n bi&ecirc;n giới. D&ugrave; l&agrave; giọng n&oacute;i hay tin nhắn văn bản,&nbsp;<a href=\"https://fptshop.com.vn/dien-thoai/samsung-galaxy-s24-ultra\">S24 Ultra</a>&nbsp;cũng sẽ dịch nhanh ch&oacute;ng qua tiếng Việt v&agrave; gửi lại th&ocirc;ng điệp bằng ng&ocirc;n ngữ của ph&iacute;a đối diện.</p>\r\n\r\n<p><img alt=\"Samsung Galaxy S24 Ultra kết nối không giới hạn cùng Galaxy AI\" src=\"https://cdn2.fptshop.com.vn/unsafe/564x0/filters:quality(80)/Uploads/images/2015/0511/samsung-galaxy-s24-ultra-2.jpg\" /></p>\r\n\r\n<p>B&uacute;t S Pen quyền năng nay c&ograve;n năng suất hơn nữa tr&ecirc;n Galaxy S24 Ultra. Kết hợp giữa khả năng ghi &acirc;m v&agrave; dịch thuật, bạn sẽ c&oacute; thể tham gia c&aacute;c buổi họp đa ng&ocirc;n ngữ dễ d&agrave;ng. Điện thoại ghi &acirc;m lại to&agrave;n bộ những điều đối t&aacute;c n&oacute;i, dịch sang tiếng Việt v&agrave; t&oacute;m tắt &yacute; ch&iacute;nh để bạn c&oacute; thể ghi ch&uacute; hiệu quả. C&aacute;ch lưu ghi ch&uacute; cũng hết sức trực quan với c&aacute;c nh&atilde;n m&agrave;u kh&aacute;c nhau. Ấn tượng hơn, B&uacute;t S Pen c&ograve;n cho ph&eacute;p bạn t&igrave;m kiếm theo c&aacute;ch th&uacute; vị v&agrave; dễ d&agrave;ng chưa từng thấy. Ở bất cứ h&igrave;nh ảnh hay văn bản n&agrave;o, đơn giản bạn chỉ cần khoanh tr&ograve;n khu vực t&igrave;m kiếm, Galaxy AI sẽ tự động ph&acirc;n t&iacute;ch v&agrave; t&igrave;m kiếm th&ocirc;ng tin tr&ecirc;n Google cho bạn ngay lập tức.</p>\r\n\r\n<p><img alt=\"Samsung Galaxy S24 Ultra ảnh 3\" src=\"https://cdn2.fptshop.com.vn/unsafe/564x0/filters:quality(80)/Uploads/images/2015/0511/samsung-galaxy-s24-ultra-9.jpg\" /></p>\r\n\r\n<p>Việc duyệt web giờ đ&acirc;y trở n&ecirc;n th&ocirc;ng minh hơn bao giờ hết tr&ecirc;n S24 Ultra. Điện thoại c&oacute; thể t&oacute;m tắt nội dung bạn đang xem, dịch thuật ch&iacute;nh x&aacute;c sang ng&ocirc;n ngữ kh&aacute;c. V&iacute; dụ bạn đang đọc một b&agrave;i b&aacute;o nước ngo&agrave;i, Samsung S24 Ultra kh&ocirc;ng chỉ c&oacute; thể dịch sang tiếng Việt m&agrave; c&ograve;n t&oacute;m tắt th&ocirc;ng minh &yacute; ch&iacute;nh của b&agrave;i b&aacute;o để bạn tiết kiệm thời gian hơn. Hay ngược lại, bạn ho&agrave;n to&agrave;n c&oacute; thể dịch một nội dung tr&ecirc;n trang web đang xem từ tiếng Việt sang tiếng Anh để gửi cho đối t&aacute;c với t&iacute;nh năng tr&igrave;nh duyệt th&ocirc;ng minh.</p>\r\n\r\n<p><img alt=\"Samsung Galaxy S24 Ultra ảnh 4\" src=\"https://cdn2.fptshop.com.vn/unsafe/564x0/filters:quality(80)/Uploads/images/2015/0511/samsung-galaxy-s24-ultra-8.jpg\" /></p>\r\n\r\n<p>Bạn l&agrave; một người hướng nội v&agrave; gặp kh&oacute; khăn khi giao tiếp. Đừng lo, điện thoại Samsung S24 Ultra đủ th&ocirc;ng minh để soạn cho bạn những tin nhắn trả lời ph&ugrave; hợp với ngữ cảnh theo thời gian thực. Bạn c&oacute; thể lựa chọn 5 loại văn phong như Chuy&ecirc;n nghiệp, Th&ocirc;ng thường, Mạng x&atilde; hội, Th&ecirc;m Emoji, Lịch sự để trả lời đối t&aacute;c theo gợi &yacute; từ S24 Ultra. Tất nhi&ecirc;n việc dịch tin nhắn th&ocirc;ng minh cũng được &aacute;p dụng c&ugrave;ng l&uacute;c nếu bạn nhắn tin cho người nước ngo&agrave;i. Với Galaxy S24 Ultra, kết nối to&agrave;n cầu chưa bao giờ dễ d&agrave;ng đến thế.</p>\r\n\r\n<h3><strong>Si&ecirc;u camera 200MP, khơi mở quyền năng s&aacute;ng tạo</strong></h3>\r\n\r\n<p>Với camera ch&iacute;nh độ ph&acirc;n giải l&ecirc;n tới 200MP, bạn c&oacute; thể chụp những bức ảnh r&otilde; n&eacute;t đến kh&oacute; tin tr&ecirc;n Samsung Galaxy S24 Ultra. H&igrave;nh ảnh sắc n&eacute;t đến từng chi tiết v&agrave; khả năng thu ph&oacute;ng cực đỉnh gi&uacute;p những chuyến đi của bạn th&ecirc;m phần &yacute; nghĩa. S24 Ultra c&oacute; thể zoom quang học l&ecirc;n tới 10x ở mọi ti&ecirc;u cự, AI sẽ xử l&yacute; đa khung h&igrave;nh v&agrave; độ ph&acirc;n giải để bức ảnh vẫn sắc n&eacute;t d&ugrave; bạn đang thu ph&oacute;ng, hay thậm ch&iacute; l&agrave; zoom trong đ&ecirc;m tối, cả h&igrave;nh ảnh lẫn video. Những bức ảnh của bạn sẽ kh&ocirc;ng chỉ đẹp m&agrave; c&ograve;n v&ocirc; c&ugrave;ng chuy&ecirc;n nghiệp.</p>\r\n\r\n<p><img alt=\"Samsung Galaxy S24 Ultra với Siêu camera 200MP\" src=\"https://cdn2.fptshop.com.vn/unsafe/564x0/filters:quality(80)/Uploads/images/2015/0511/samsung-galaxy-s24-ultra-4.jpg\" /></p>\r\n\r\n<p>Xu hướng hiện nay kh&ocirc;ng chỉ chụp ảnh m&agrave; kh&acirc;u hậu kỳ chỉnh sửa ảnh cũng được quan t&acirc;m kh&ocirc;ng k&eacute;m. Trợ l&iacute; chỉnh ảnh AI tr&ecirc;n Galaxy S24 Ultra hiểu điều đ&oacute; v&agrave; trang bị cho bạn những c&ocirc;ng cụ chỉnh sửa ảnh th&ocirc;ng minh. AI sẽ gợi &yacute; bạn cần chỉnh sửa những g&igrave;, cho ph&eacute;p chỉnh sửa nhanh bố cục, khung h&igrave;nh, dịch chuyển chủ thể, thay đổi ph&ocirc;ng nền v&agrave; hơn thế nữa. Chắc chắn bạn sẽ phải bất ngờ về những g&igrave; m&agrave; trợ l&yacute; chỉnh ảnh của S24 Ultra mang lại. Sức mạnh của AI gi&uacute;p bạn c&oacute; thể thực hiện những thao t&aacute;c chuy&ecirc;n nghiệp một c&aacute;ch nhanh ch&oacute;ng v&agrave; hiệu quả như một Editor chuy&ecirc;n nghiệp. Samsung cũng kh&ocirc;ng qu&ecirc;n hợp t&aacute;c với c&aacute;c ứng dụng b&ecirc;n thứ ba như Instagram để bạn c&oacute; thể chụp ảnh, quay video qua Reel hay Feed bằng chất lượng tốt nhất, hỗ trợ HDR theo thời gian thực.</p>\r\n\r\n<h3><strong>Sức mạnh v&ocirc; song của Snapdragon 8 Gen 3</strong></h3>\r\n\r\n<p>Samsung Galaxy S24 Ultra đưa khả năng chơi game tr&ecirc;n smartphone l&ecirc;n một tầm cao mới với bộ vi xử l&yacute; Qualcomm Snapdragon 8 Gen 3 mạnh nhất hiện nay. Thật kh&oacute; tin khi giờ đ&acirc;y bạn c&oacute; thể bật t&iacute;nh năng Ray Tracing, trải nghiệm hiệu ứng d&ograve; tia tuyệt đỉnh ngay tr&ecirc;n chiếc&nbsp;<a href=\"https://fptshop.com.vn/dien-thoai\">điện thoại</a>&nbsp;lu&ocirc;n mang theo b&ecirc;n m&igrave;nh. Ray Tracing mang tới đồ họa chơi game m&atilde;n nh&atilde;n, ch&acirc;n thực hơn bao giờ hết với việc t&aacute;i tạo ch&iacute;nh x&aacute;c đường đi của &aacute;nh s&aacute;ng, c&aacute;c hiệu ứng đổ b&oacute;ng, vật l&yacute;. Đi c&ugrave;ng sức mạnh vượt trội đương nhi&ecirc;n S24 Ultra phải c&oacute; cơ chế tản nhiệt tương ứng. Hệ thống tản nhiệt buồng hơi v&agrave; c&aacute;c lớp tản nhiệt được kết cấu lại gi&uacute;p điện thoại tản nhiệt hiệu quả, thỏa sức chơi game trong thời gian d&agrave;i kh&ocirc;ng lo n&oacute;ng m&aacute;y giảm hiệu năng.</p>\r\n\r\n<p><img alt=\"Samsung Galaxy S24 Ultra với chip Snapdragon 8 Gen 3\" src=\"https://cdn2.fptshop.com.vn/unsafe/564x0/filters:quality(80)/Uploads/images/2015/0511/samsung-galaxy-s24-ultra-10.jpg\" /></p>\r\n\r\n<p>Trải nghiệm giải tr&iacute; với Samsung S24 Ultra kh&ocirc;ng chỉ dừng lại ở chơi game. Với m&agrave;n h&igrave;nh lớn cực đại 6.8 inch, độ ph&acirc;n giải QHD+ Dynamic AMOLED 2X cao cấp, viền si&ecirc;u mỏng ở cả 4 cạnh, mọi nội dung bạn thưởng thức đều trở n&ecirc;n hấp dẫn hơn tr&ecirc;n S24 Ultra, d&ugrave; l&agrave; xem phim, xem ảnh, lướt mạng x&atilde; hội hay chỉ l&agrave; duyệt web th&ocirc;ng thường. M&agrave;n h&igrave;nh S24 Ultra được cải tiến để độ s&aacute;ng tăng tới 40%, tối đa 2600 nits, hiển thị r&otilde; n&eacute;t ngay cả dưới trời nắng gắt. Ngo&agrave;i s&aacute;ng, đẹp ra th&igrave; m&agrave;n h&igrave;nh n&agrave;y cũng rất mượt m&agrave; với tần số qu&eacute;t tương th&iacute;ch từ 1 &ndash; 120Hz. Bạn c&oacute; thể cảm nhận được độ mượt trong từng chuyển động ở c&aacute;c thao t&aacute;c vuốt, chạm.</p>\r\n\r\n<p><img alt=\"Hiệu năng Samsung Galaxy S24 Ultra\" src=\"https://cdn2.fptshop.com.vn/unsafe/564x0/filters:quality(80)/Uploads/images/2015/0511/samsung-galaxy-s24-ultra-7.jpg\" /></p>\r\n\r\n<p>D&ograve;ng Galaxy Ultra lu&ocirc;n được y&ecirc;u th&iacute;ch bởi thời lượng pin bền bỉ. S24 Ultra cung cấp cho bạn khả năng giải tr&iacute; cả ng&agrave;y với vi&ecirc;n pin dung lượng l&ecirc;n tới 5000 mAh, hỗ trợ sạc si&ecirc;u nhanh 2.0 45W. Hơn nữa, khả năng đa nhiệm của m&aacute;y cũng l&ecirc;n một tầm cao mới với 12GB RAM v&agrave; phi&ecirc;n bản bộ nhớ trong tối đa 1TB, thỏa sức giải tr&iacute;, lưu trữ, cho quyền năng giải tr&iacute; kh&ocirc;ng giới hạn.</p>\r\n\r\n<h3><strong>Điện thoại Galaxy đầu ti&ecirc;n l&agrave;m từ Titan</strong></h3>\r\n\r\n<p>Galaxy S24 Ultra c&oacute; vẻ ngo&agrave;i đẳng cấp với bộ khung Titan ho&agrave;n to&agrave;n mới, đẹp sang trọng, bền bỉ v&agrave; si&ecirc;u nhẹ. Ng&ocirc;n ngữ thiết kế của Galaxy S24 Ultra cũng được l&agrave;m mới khi cho trải nghiệm liền mạch giữa mặt lưng v&agrave; viền, tạo mối li&ecirc;n kết ho&agrave;n hảo từ mặt trước, cạnh b&ecirc;n v&agrave; mặt sau m&aacute;y, theo ng&ocirc;n ngữ phẳng đơn giản, thanh lịch nhưng qu&yacute; ph&aacute;i. Viền m&agrave;n h&igrave;nh đều v&agrave; mỏng hơn thế hệ trước tạo t&iacute;nh c&acirc;n bằng về mặt thẩm mỹ, đồng thời hiển thị nội dung &ldquo;đ&atilde;&rdquo; hơn.</p>\r\n\r\n<p><img alt=\"S24 Ultra là Điện thoại Galaxy đầu tiên làm từ Titan\" src=\"https://cdn2.fptshop.com.vn/unsafe/564x0/filters:quality(80)/Uploads/images/2015/0511/samsung-galaxy-s24-ultra-5.jpg\" /></p>\r\n\r\n<p>Kh&ocirc;ng chỉ đẹp, Galaxy S24 Ultra c&ograve;n l&agrave; chiếc&nbsp;<a href=\"https://fptshop.com.vn/dien-thoai/samsung\">điện thoại Galaxy</a>&nbsp;bền bỉ nhất với vật liệu Corning Gorilla Armor, v&ocirc; c&ugrave;ng cứng c&aacute;p, tăng khả năng chịu va đập v&agrave; chống trầy xước tới 50%. M&agrave;n h&igrave;nh chống hắt s&aacute;ng giảm thiểu độ l&oacute;a, bảo vệ mắt người d&ugrave;ng v&agrave; hiển thị r&otilde; n&eacute;t hơn. S24 Ultra cũng l&agrave; chiếc điện thoại rất th&acirc;n thiện với m&ocirc;i trường khi sử dụng c&aacute;c vật liệu t&aacute;i chế mới như nh&ocirc;m, k&iacute;nh ở phần vỏ hay cobalt ở phần pin; 100% bao b&igrave; l&agrave;m từ giấy t&aacute;i chế. Tất nhi&ecirc;n điện thoại c&oacute; khả năng chống nước/chống bụi chuẩn IP68, gần như đứng vững trước mọi nguy cơ từ nước trong điều kiện sử dụng b&igrave;nh thường.</p>\r\n\r\n<p><img alt=\"Samsung Galaxy S24 Ultra ảnh 9\" src=\"https://cdn2.fptshop.com.vn/unsafe/564x0/filters:quality(80)/Uploads/images/2015/0511/samsung-galaxy-s24-ultra-1.png\" /></p>\r\n\r\n<h2><strong>Một số c&acirc;u hỏi v&agrave; giải đ&aacute;p về Galaxy S24 Ultra</strong></h2>\r\n\r\n<h3><strong>Samsung Galaxy S24 Ultra c&oacute; bao nhi&ecirc;u m&agrave;u?</strong></h3>\r\n\r\n<p>Samsung Galaxy S24 Ultra c&oacute; 4 m&agrave;u sắc lấy cảm hứng từ kho&aacute;ng thạch qu&yacute; đ&oacute; l&agrave; m&agrave;u&nbsp;Đen Titan, m&agrave;u T&iacute;m Titan, m&agrave;u X&aacute;m Titan v&agrave; m&agrave;u V&agrave;ng Titan.</p>\r\n', 'Samsung', 7, 5),
(31, 'iPhone 15 Pro Max', '2024-11-21', '<h2>Th&ocirc;ng tin sản phẩm</h2>\r\n\r\n<p>M&ocirc; tả sản phẩm</p>\r\n\r\n<p><img alt=\"https://fptshop.com.vn/\" src=\"https://cdn2.fptshop.com.vn/unsafe/1920x0/filters:quality(100)/2024_4_16_638488768362667033_10.jpg\" /></p>\r\n\r\n<p><img alt=\"https://fptshop.com.vn/\" src=\"https://cdn2.fptshop.com.vn/unsafe/1920x0/filters:quality(100)/2024_4_16_638488768364505309_7.jpg\" /></p>\r\n\r\n<p><img alt=\"https://fptshop.com.vn/\" src=\"https://cdn2.fptshop.com.vn/unsafe/1920x0/filters:quality(100)/2024_4_16_638488768365442895_6.jpg\" /></p>\r\n\r\n<p><img alt=\"https://fptshop.com.vn/\" src=\"https://cdn2.fptshop.com.vn/unsafe/1920x0/filters:quality(100)/2024_4_16_638488768365763037_15.jpg\" /></p>\r\n\r\n<p><img alt=\"https://fptshop.com.vn/\" src=\"https://cdn2.fptshop.com.vn/unsafe/1920x0/filters:quality(100)/2024_4_16_638488768366701340_3.jpg\" /></p>\r\n\r\n<p><img alt=\"https://fptshop.com.vn/\" src=\"https://cdn2.fptshop.com.vn/unsafe/1920x0/filters:quality(100)/2024_4_16_638488768368578332_2.jpg\" /></p>\r\n\r\n<p><img alt=\"https://fptshop.com.vn/\" src=\"https://cdn2.fptshop.com.vn/unsafe/1920x0/filters:quality(100)/2024_4_16_638488768369246960_12.jpg\" /></p>\r\n\r\n<p><img alt=\"https://fptshop.com.vn/\" src=\"https://cdn2.fptshop.com.vn/unsafe/1920x0/filters:quality(100)/2024_4_16_638488768369872028_4.jpg\" /></p>\r\n\r\n<p><img alt=\"https://fptshop.com.vn/\" src=\"https://cdn2.fptshop.com.vn/unsafe/1920x0/filters:quality(100)/2024_4_16_638488768370184446_5.jpg\" /></p>\r\n\r\n<p><img alt=\"https://fptshop.com.vn/\" src=\"https://cdn2.fptshop.com.vn/unsafe/1920x0/filters:quality(100)/2024_4_16_638488768370340788_9.jpg\" /></p>\r\n\r\n<p><img alt=\"https://fptshop.com.vn/\" src=\"https://cdn2.fptshop.com.vn/unsafe/1920x0/filters:quality(100)/2024_4_16_638488768371121968_8.jpg\" /></p>\r\n\r\n<p><img alt=\"https://fptshop.com.vn/\" src=\"https://cdn2.fptshop.com.vn/unsafe/1920x0/filters:quality(100)/2024_4_16_638488768372217396_11.jpg\" /></p>\r\n\r\n<p><img alt=\"https://fptshop.com.vn/\" src=\"https://cdn2.fptshop.com.vn/unsafe/1920x0/filters:quality(100)/2024_4_16_638488768372373736_14.jpg\" /></p>\r\n\r\n<p><img alt=\"https://fptshop.com.vn/\" src=\"https://cdn2.fptshop.com.vn/unsafe/1920x0/filters:quality(100)/2024_4_16_638488768373477357_15.1.jpg\" /></p>\r\n\r\n<p><img alt=\"https://fptshop.com.vn/\" src=\"https://cdn2.fptshop.com.vn/unsafe/1920x0/filters:quality(100)/2024_4_16_638488768374793121_1.jpg\" /></p>\r\n\r\n<p><img alt=\"https://fptshop.com.vn/\" src=\"https://cdn2.fptshop.com.vn/unsafe/1920x0/filters:quality(100)/2024_4_16_638488768375261996_13.jpg\" /></p>\r\n\r\n<p>&nbsp;</p>\r\n\r\n<p><img alt=\"hình ảnh iphone 15 pro max 1\" src=\"https://cdn2.fptshop.com.vn/unsafe/564x0/filters:quality(80)/Uploads/images/2015/0511/iphone-15-pro-html-1.png\" /></p>\r\n\r\n<p><img alt=\"hình ảnh iphone 15 pro max 2\" src=\"https://cdn2.fptshop.com.vn/unsafe/564x0/filters:quality(80)/Uploads/images/2015/0511/iphone-15-pro-html-2.png\" /></p>\r\n\r\n<p><img alt=\"hình ảnh iphone 15 pro max 3\" src=\"https://cdn2.fptshop.com.vn/unsafe/564x0/filters:quality(80)/Uploads/images/2015/0511/iphone-15-pro-html-3.png\" /></p>\r\n\r\n<p><strong>iPhone 15 Pro Max l&agrave; chiếc iPhone cao cấp nhất với m&agrave;n h&igrave;nh lớn nhất, thời lượng pin tốt nhất, cấu h&igrave;nh mạnh nhất v&agrave; thiết kế khung Titan chuẩn h&agrave;ng kh&ocirc;ng vũ trụ si&ecirc;u bền, si&ecirc;u nhẹ.&nbsp;iPhone 15 Pro Max&nbsp;sở hữu những điểm vượt trội nhất nh&agrave; Apple. Theo đ&oacute;, người d&ugrave;ng sẽ trải nghiệm chiếc iPhone cao cấp với hiệu năng &ldquo;khủng&rdquo; chip A17 Pro, khung titan, khả năng zoom n&acirc;ng cấp, n&uacute;t t&aacute;c vụ mới,&hellip;</strong></p>\r\n\r\n<p><strong><img alt=\"iPhone 15 Pro Max (ảnh 1)\" src=\"https://cdn2.fptshop.com.vn/unsafe/564x0/filters:quality(80)/Uploads/images/2015/0511/iphone-15-pro-max-12.jpg\" /></strong></p>\r\n\r\n<h2><strong>iPhone 15 Pro Max c&oacute; g&igrave; mới?</strong></h2>\r\n\r\n<h3><strong>Thiết kế titan chuẩn h&agrave;ng kh&ocirc;ng vũ trụ</strong></h3>\r\n\r\n<p><a href=\"https://fptshop.com.vn/dien-thoai/iphone-15-pro-max\">iPhone 15 Pro Max</a>&nbsp;thể hiện đẳng cấp ngay từ vẻ bề ngo&agrave;i với khung viền bằng titan b&oacute;ng bẩy, tinh tế, đẹp một c&aacute;ch sang trọng. Apple đ&atilde; mất rất nhiều quy tr&igrave;nh gia c&ocirc;ng cơ kh&iacute;, ch&agrave; nh&aacute;m, đ&aacute;nh b&oacute;ng v&agrave; phun m&agrave;i để tạo n&ecirc;n một chất liệu vừa đẹp, vừa bền, lại rất nhẹ. Phần khung iPhone 15 Pro Max c&ograve;n được uốn cong, kết hợp với kiểu d&aacute;ng si&ecirc;u mỏng gi&uacute;p ho&agrave;n hảo trong l&ograve;ng b&agrave;n tay.</p>\r\n\r\n<p><img alt=\"iPhone 15 Pro Max có gì mới 2\" src=\"https://cdn2.fptshop.com.vn/unsafe/564x0/filters:quality(80)/Uploads/images/2015/0511/iphone-15-pro-max-4.jpg\" /></p>\r\n\r\n<p>N&oacute;i qua một ch&uacute;t về khung viền titan tr&ecirc;n iPhone 15 Pro Max, phần khung sườn được l&agrave;m từ 100% nh&ocirc;m t&aacute;i chế, đảm bảo nhẹ v&agrave; th&acirc;n thiện với m&ocirc;i trường. Phần viền titan sẽ được gắn với khung sườn nh&ocirc;m bằng c&ocirc;ng nghệ khuếch t&aacute;n trạng th&aacute;i rắn, sử dụng quy tr&igrave;nh nhiệt cơ kh&iacute; để nối hai vật liệu kim loại lại với nhau, tạo độ bền chắc ho&agrave;n hảo. Bạn sẽ c&oacute; chiếc iPhone bản Pro Max nhẹ nhất từ trước đến nay, thoải m&aacute;i để cầm tr&ecirc;n tay v&agrave; sử dụng trong thời gian d&agrave;i.</p>\r\n\r\n<h3><strong>M&agrave;n h&igrave;nh Super Retina XDR ti&ecirc;n tiến si&ecirc;u mượt</strong></h3>\r\n\r\n<p>Trải nghiệm h&igrave;nh ảnh tr&ecirc;n iPhone 15 Pro Max hết sức ấn tượng về cả chất lượng hiển thị lẫn độ mượt m&agrave;. C&ocirc;ng nghệ Super Retina XDR k&iacute;ch thước lớn tới 6,7 inch OLED, độ ph&acirc;n giải 2796x1290 pixel với mật độ điểm ảnh 460 ppi si&ecirc;u n&eacute;t, t&aacute;i hiện mọi thứ một c&aacute;ch sống động đ&aacute;ng kinh ngạc. C&ocirc;ng nghệ ProMotion với tốc độ l&agrave;m mới l&ecirc;n tới 120Hz, c&oacute; thể thay đổi linh hoạt, gi&uacute;p c&aacute;c thao t&aacute;c vuốt chạm lu&ocirc;n lu&ocirc;n mượt m&agrave;, đồng thời vẫn đảm bảo tiết kiệm pin.</p>\r\n\r\n<p><img alt=\"iPhone 15 Pro Max có gì mới (ảnh 4)\" src=\"https://cdn2.fptshop.com.vn/unsafe/564x0/filters:quality(80)/Uploads/images/2015/0511/iphone-15-pro-max-5.jpg\" /></p>\r\n\r\n<p>Khu vực Dynamic Island tr&ecirc;n m&agrave;n h&igrave;nh iPhone 15 Pro Max sẽ l&agrave; nơi hiển thị c&aacute;c th&ocirc;ng b&aacute;o v&agrave; những th&ocirc;ng tin ch&iacute;nh của ứng dụng một c&aacute;ch trực quan để bạn lu&ocirc;n được cập nhật theo c&aacute;ch tiện lợi nhất. T&iacute;nh năng m&agrave;n h&igrave;nh lu&ocirc;n bật cải tiến với chế độ chờ, sẽ biến iPhone 15 Pro Max th&agrave;nh một chiếc đồng hồ để b&agrave;n cực chất, hiển thị những th&ocirc;ng tin cần thiết.</p>\r\n\r\n<h3><strong>Chip A17 Pro, đưa sức mạnh của iPhone l&ecirc;n giới hạn mới</strong></h3>\r\n\r\n<p>Để xứng tầm với iPhone 15 Pro Max, lần đầu ti&ecirc;n một con chip mang t&ecirc;n Pro xuất hiện. Apple A17 Pro đưa sức mạnh của&nbsp;<a href=\"https://fptshop.com.vn/dien-thoai/apple-iphone\">iPhone</a>&nbsp;l&ecirc;n một đẳng cấp ho&agrave;n to&agrave;n mới, khi kh&ocirc;ng chỉ mạnh mẽ trong mọi t&aacute;c vụ thường ng&agrave;y m&agrave; c&ograve;n mang tới khả năng chơi game ho&agrave;n hảo. C&aacute;c game di động giờ đ&acirc;y sẽ trở n&ecirc;n v&ocirc; c&ugrave;ng ch&acirc;n thực, sống động với độ chi tiết tuyệt vời, tựa như những game bom tấn AAA tr&ecirc;n PC. GPU của iPhone 15 Pro Max sử dụng c&ocirc;ng nghệ d&ograve; tia bằng phần cứng, nhanh hơn tới 4 lần thế hệ trước, tạo n&ecirc;n hiệu ứng &aacute;nh s&aacute;ng ch&acirc;n thực hơn bao giờ hết trong c&aacute;c tựa game.</p>\r\n\r\n<p><img alt=\"iPhone 15 Pro Max có gì mới (ảnh 5)\" src=\"https://cdn2.fptshop.com.vn/unsafe/564x0/filters:quality(80)/Uploads/images/2015/0511/iphone-15-pro-max-2.jpg\" /></p>\r\n\r\n<h3><strong>Hệ thống camera zoom 5x mạnh mẽ</strong></h3>\r\n\r\n<p>iPhone 15 Pro Max sở hữu cụm camera chuy&ecirc;n nghiệp v&agrave; mạnh mẽ. Bạn sẽ c&oacute; tới 7 ti&ecirc;u cự để chụp ảnh, giống như đang sở hữu một chiếc m&aacute;y ảnh với 7 ống k&iacute;nh chuy&ecirc;n dụng. Từ g&oacute;c si&ecirc;u rộng, g&oacute;c rộng, cận cảnh cho đến zoom quang 5x, iPhone 15 Pro Max cung cấp cho người d&ugrave;ng đầy đủ g&oacute;c độ để c&oacute; được những bức ảnh độc đ&aacute;o với độ chi tiết, m&agrave;u sắc chưa từng thấy.</p>\r\n\r\n<p>Ảnh ch&acirc;n dung l&agrave; một trong những t&iacute;nh năng người d&ugrave;ng sử dụng thường xuy&ecirc;n nhất tr&ecirc;n iPhone. iPhone 15 Pro Max hiểu điều đ&oacute; v&agrave; cung cấp rất nhiều n&acirc;ng cấp khi chụp ảnh ch&acirc;n dung. Giờ đ&acirc;y iPhone c&oacute; thể tự động ph&aacute;t hiện được những ho&agrave;n cảnh cần chụp ch&acirc;n dung để chuyển sang chế độ ch&acirc;n dung m&agrave; bạn kh&ocirc;ng cần phải thao t&aacute;c. Hiệu ứng l&agrave;m mờ cũng c&oacute; chiều s&acirc;u v&agrave; ch&iacute;nh x&aacute;c hơn, thậm ch&iacute; bạn c&ograve;n c&oacute; thể điều chỉnh độ mờ ngay cả khi sau khi chụp ảnh. C&ocirc;ng nghệ Photonic Engine hỗ trợ chụp ảnh ch&acirc;n dung chuy&ecirc;n nghiệp hơn, tăng cường độ chi tiết, m&agrave;u sắc ch&acirc;n thực, tăng tốc độ chụp v&agrave; khả năng chụp ảnh trong điều kiện &aacute;nh s&aacute;ng yếu hơn gấp đ&ocirc;i.</p>\r\n\r\n<p>Camera ch&iacute;nh 48MP của iPhone 15 Pro Max kiểm so&aacute;t &aacute;nh s&aacute;ng rất th&ocirc;ng minh. Chế độ Ban Đ&ecirc;m cho ph&eacute;p bạn bắt trọn h&igrave;nh ảnh chủ thể r&otilde; r&agrave;ng hơn trong đ&ecirc;m tối nhờ dải tần nhạy s&aacute;ng được tăng cường. Trong những điều kiện &aacute;nh s&aacute;ng phức tạp như nắng gắt hay ngược s&aacute;ng, HDR sẽ tối ưu h&oacute;a th&ocirc;ng minh cho cả chủ thể v&agrave; hậu cảnh, t&aacute;i tạo t&ocirc;ng m&agrave;u da ch&iacute;nh x&aacute;c, m&agrave;u sắc tuyệt đẹp để mang tới những bức ảnh đầy nghệ thuật.</p>\r\n\r\n<p>iPhone 15 Pro Max đ&atilde; n&acirc;ng cấp khả năng zoom chưa từng c&oacute; tr&ecirc;n iPhone với camera Tele 5x. Nghĩa l&agrave; bạn c&oacute; thể zoom quang học, ph&oacute;ng to h&igrave;nh ảnh tới 5 lần để thu được những khung cảnh từ xa một c&aacute;ch r&otilde; n&eacute;t. Kh&ocirc;ng cần phải di chuyển lại gần, bạn vẫn c&oacute; thể chụp lại c&aacute;c bức ảnh thi&ecirc;n nhi&ecirc;n hay con người sắc n&eacute;t đ&aacute;ng kinh ngạc.</p>\r\n\r\n<p><img alt=\"iPhone 15 Pro Max có gì mới (ảnh 7)\" src=\"https://cdn2.fptshop.com.vn/unsafe/564x0/filters:quality(80)/Uploads/images/2015/0511/iphone-15-pro-max-9.jpg\" /></p>\r\n\r\n<h3><strong>Kh&aacute;m ph&aacute; n&uacute;t t&aacute;c vụ ho&agrave;n to&agrave;n mới</strong></h3>\r\n\r\n<p>N&uacute;t t&aacute;c vụ của iPhone 15 Pro Max l&agrave; t&iacute;nh năng lần đầu ti&ecirc;n xuất hiện tr&ecirc;n iPhone. N&uacute;t t&aacute;c vụ cho ph&eacute;p bạn tương t&aacute;c nhanh ch&oacute;ng v&agrave; tiện lợi hơn, t&ugrave;y theo t&aacute;c vụ bạn thường xuy&ecirc;n sử dụng. Bạn c&oacute; thể g&aacute;n một chức năng cho n&uacute;t n&agrave;y như chuyển sang chế độ im lặng; mở camera; đ&egrave;n pin; ghi &acirc;m; dịch v&agrave; nhiều t&iacute;nh năng kh&aacute;c. V&iacute; dụ bạn l&agrave; một người th&iacute;ch chụp ảnh, đơn giản chỉ cần nhấn v&agrave;o n&uacute;t t&aacute;c vụ v&agrave; đưa iPhone l&ecirc;n chụp bất cứ l&uacute;c n&agrave;o. Kh&ocirc;ng cần nh&igrave;n, chỉ cần một thao t&aacute;c duy nhất, điện thoại đ&atilde; sẵn s&agrave;ng để lưu lại khoảnh khắc đ&aacute;ng nhớ.</p>\r\n', 'Apple', 7, 54),
(33, 'Latitude 3550 Laptop', '2024-11-21', '<p>&nbsp;</p>\r\n\r\n<p><img alt=\"https://www.stikc.com/media/catalog/product/cache/3c0b007dccf18e844028da18b7ef4f42/l/a/latitude_3550.jpg\" src=\"https://tse3.mm.bing.net/th?id=OIP.piwqbwG84wvWTgG-BCW_zgHaGX&amp;w=407&amp;h=407&amp;c=7\" /></p>\r\n\r\n<p>&nbsp;</p>\r\n\r\n<p><img alt=\"https://www.notebookcheck.net/fileadmin/Notebooks/Dell/Latitude_3550-0123/4zu3_Dell_Latitude_3550.jpg\" src=\"https://tse3.mm.bing.net/th?id=OIP.5z1F0jdEA2ZP6jd1UPUngAHaFj&amp;w=355&amp;h=355&amp;c=7\" /></p>\r\n\r\n<p>&nbsp;</p>\r\n\r\n<p><img alt=\"https://i.ebayimg.com/00/s/OTE5WDEwMjQ%3D/z/Zy4AAOSwtLtbo5r~/%24_86.JPG\" src=\"https://tse2.mm.bing.net/th?id=OIP.ympCCJ-s1QRgn0N80c5XYwHaGp&amp;w=425&amp;h=425&amp;c=7\" /></p>\r\n\r\n<p>&nbsp;</p>\r\n\r\n<p><img alt=\"https://www.bhphotovideo.com/images/images1000x1000/dell_64pkp_15_6_latitude_3550_notebook_1827592.jpg\" src=\"https://tse1.mm.bing.net/th?id=OIP.rMZsDRJPo3b0ACcY8WUV1gHaHa&amp;w=474&amp;h=474&amp;c=7\" /></p>\r\n\r\n<p>The Dell Latitude 3550 is a business-oriented laptop designed to balance performance, portability, and reliability. It caters to professionals seeking a dependable device for daily tasks.</p>\r\n\r\n<p><strong>Key Specifications:</strong></p>\r\n\r\n<ul>\r\n	<li>\r\n	<p><strong>Processor:</strong> Equipped with up to a 13th Gen Intel&reg; Core&trade; i7-1355U processor, offering robust performance for multitasking and demanding applications.</p>\r\n\r\n	<p><a href=\"https://www.dell.com/en-us/shop/dell-laptops/latitude-3550-laptop/spd/latitude-15-3550-laptop?utm_source=chatgpt.com\" rel=\"noopener\" target=\"_blank\">Dell</a></p>\r\n	</li>\r\n	<li>\r\n	<p><strong>Memory:</strong> Supports up to 16 GB of DDR5 RAM, ensuring smooth operation and efficient handling of multiple applications simultaneously.</p>\r\n\r\n	<p><a href=\"https://www.dell.com/en-us/shop/dell-laptops/latitude-3550-laptop/spd/latitude-15-3550-laptop?utm_source=chatgpt.com\" rel=\"noopener\" target=\"_blank\">Dell</a></p>\r\n	</li>\r\n	<li>\r\n	<p><strong>Storage:</strong> Comes with SSD options up to 512 GB, providing fast data access and ample space for files and programs.</p>\r\n\r\n	<p><a href=\"https://www.dell.com/en-us/shop/dell-laptops/latitude-3550-laptop/spd/latitude-15-3550-laptop?utm_source=chatgpt.com\" rel=\"noopener\" target=\"_blank\">Dell</a></p>\r\n	</li>\r\n	<li>\r\n	<p><strong>Display:</strong> Features a 15.6-inch Full HD (1920x1080) IPS display, delivering clear and vibrant visuals suitable for both work and media consumption.</p>\r\n\r\n	<p><a href=\"https://www.dell.com/en-us/shop/dell-laptops/latitude-3550-laptop/spd/latitude-15-3550-laptop?utm_source=chatgpt.com\" rel=\"noopener\" target=\"_blank\">Dell</a></p>\r\n	</li>\r\n	<li>\r\n	<p><strong>Graphics:</strong> Utilizes integrated Intel&reg; Iris&reg; Xe or UHD Graphics, offering adequate performance for everyday tasks and light multimedia use.</p>\r\n\r\n	<p><a href=\"https://www.dell.com/en-us/shop/dell-laptops/latitude-3550-laptop/spd/latitude-15-3550-laptop?utm_source=chatgpt.com\" rel=\"noopener\" target=\"_blank\">Dell</a></p>\r\n	</li>\r\n	<li>\r\n	<p><strong>Connectivity:</strong> Includes multiple USB ports, HDMI, Ethernet, and Wi-Fi 6E support, ensuring versatile connectivity options for various peripherals and networks.</p>\r\n\r\n	<p><a href=\"https://www.dell.com/en-us/shop/dell-laptops/latitude-3550-laptop/spd/latitude-15-3550-laptop?utm_source=chatgpt.com\" rel=\"noopener\" target=\"_blank\">Dell</a></p>\r\n	</li>\r\n	<li>\r\n	<p><strong>Battery Life:</strong> Offers up to approximately 9 hours of battery life, depending on usage patterns, providing sufficient power for a full workday.</p>\r\n\r\n	<p><a href=\"https://www.dell.com/en-us/shop/dell-laptops/latitude-3550-laptop/spd/latitude-15-3550-laptop?utm_source=chatgpt.com\" rel=\"noopener\" target=\"_blank\">Dell</a></p>\r\n	</li>\r\n</ul>\r\n', 'Dell', 8, 9);

-- --------------------------------------------------------

--
-- Table structure for table `sanpham_chitiet`
--

CREATE TABLE `sanpham_chitiet` (
  `id_sp_chitiet` int NOT NULL,
  `id_sanpham` int NOT NULL,
  `id_price` int NOT NULL,
  `id_mausp` int NOT NULL,
  `id_dungluong_sp` int NOT NULL,
  `image_url` varchar(255) NOT NULL,
  `soluong_hang` int NOT NULL
) ENGINE=InnoDB DEFAULT CHARSET=utf8mb4 COLLATE=utf8mb4_0900_ai_ci;

--
-- Dumping data for table `sanpham_chitiet`
--

INSERT INTO `sanpham_chitiet` (`id_sp_chitiet`, `id_sanpham`, `id_price`, `id_mausp`, `id_dungluong_sp`, `image_url`, `soluong_hang`) VALUES
(10, 23, 10, 22, 29, './Uploads/iphone-16-1.webp', 21),
(11, 23, 11, 22, 30, './Uploads/iphone-16-1.webp', 21),
(12, 23, 12, 22, 31, './Uploads/iphone-16-1.webp', 11),
(13, 23, 10, 24, 29, './Uploads/iphone-16-xanh-mong-ket.webp', 11),
(14, 23, 11, 24, 30, './Uploads/iphone-16-xanh-mong-ket.webp', 10),
(15, 23, 12, 24, 31, './Uploads/iphone-16-xanh-mong-ket.webp', 10),
(16, 23, 10, 25, 29, './Uploads/iphone-16-hong.webp', 10),
(17, 23, 11, 25, 30, './Uploads/iphone-16-hong.webp', 21),
(18, 23, 12, 25, 31, './Uploads/iphone-16-hong.webp', 14),
(19, 24, 9, 18, 32, './Uploads/dien-thoai-samsung-galaxy-a06_11__1.webp', 21),
(20, 24, 9, 19, 29, './Uploads/samsung_galaxy_a06_light_green_1_74345bb624 (1).png', 34),
(21, 24, 9, 20, 29, './Uploads/samsung_galaxy_a06_light_blue_1_5c64d81b65 (1).png', 14),
(22, 25, 13, 26, 30, './Uploads/iphone_16_pro_max_desert_titan_3552a28ae0.png', 12),
(23, 25, 14, 26, 31, './Uploads/iphone_16_pro_max_desert_titan_3552a28ae0.png', 11),
(24, 25, 15, 26, 33, './Uploads/iphone_16_pro_max_desert_titan_3552a28ae0.png', 9),
(25, 25, 13, 27, 30, './Uploads/iphone_16_pro_max_white_titan_ec6c800e82.png', 14),
(26, 25, 14, 27, 31, './Uploads/iphone_16_pro_max_white_titan_ec6c800e82.png', 10),
(27, 25, 15, 27, 33, './Uploads/iphone_16_pro_max_white_titan_ec6c800e82.png', 21),
(28, 25, 13, 28, 30, './Uploads/iphone_16_pro_max_natural_titan_1875852ac7.png', 21),
(29, 25, 14, 28, 31, './Uploads/iphone_16_pro_max_natural_titan_1875852ac7.png', 11),
(30, 25, 15, 28, 33, './Uploads/iphone_16_pro_max_natural_titan_1875852ac7.png', 11),
(31, 26, 16, 29, 34, './Uploads/2023_8_2_638265802442751139_oppo-a58-den-1.jpg', 22),
(32, 26, 16, 30, 34, './Uploads/2023_8_2_638265803282219591_oppo-a58-xanh-1.jpg', 22),
(33, 27, 17, 31, 35, './Uploads/samsung_galaxy_z_flip6_silver_57e058f560.png', 12),
(34, 27, 18, 31, 36, './Uploads/samsung_galaxy_z_flip6_silver_57e058f560.png', 11),
(35, 27, 17, 32, 35, './Uploads/samsung_galaxy_z_flip6_blue_e30111f18f.png', 11),
(36, 27, 18, 32, 36, './Uploads/samsung_galaxy_z_flip6_blue_e30111f18f.png', 11),
(37, 27, 17, 33, 35, './Uploads/samsung_galaxy_z_flip6_yellow_6e5e873254.png', 21),
(38, 27, 18, 33, 36, './Uploads/samsung_galaxy_z_flip6_yellow_6e5e873254.png', 11),
(39, 28, 19, 34, 37, './Uploads/00909922_poco_x6_black_1205e4d2ba.png', 11),
(40, 28, 19, 35, 37, './Uploads/00909923_poco_x6_blue_5e570f66db.png', 21),
(41, 28, 19, 36, 37, './Uploads/00909924_poco_x6_white_4df8767481.png', 11),
(42, 29, 20, 37, 38, './Uploads/realme_13_plus_5g_tim_5_4ed930bfe7.png', 25),
(43, 30, 21, 38, 37, './Uploads/2024_1_15_638409395342231798_samsung-galaxy-s24-ultra-xam-1.png', 21),
(44, 30, 22, 38, 36, './Uploads/2024_1_15_638409395342231798_samsung-galaxy-s24-ultra-xam-1.png', 11),
(45, 30, 23, 38, 33, './Uploads/2024_1_15_638409395342231798_samsung-galaxy-s24-ultra-xam-1.png', 11),
(46, 30, 21, 39, 35, './Uploads/2024_1_17_638410793333120339_samsung-galaxy-s24-ultra-vang-1.png', 11),
(47, 30, 22, 39, 36, './Uploads/2024_1_17_638410793333120339_samsung-galaxy-s24-ultra-vang-1.png', 13),
(48, 30, 23, 39, 33, './Uploads/2024_1_17_638410793333120339_samsung-galaxy-s24-ultra-vang-1.png', 11),
(49, 30, 21, 40, 37, './Uploads/2024_1_17_638410793331870061_samsung-galaxy-s24-ultra-tim-1.png', 12),
(50, 30, 22, 40, 36, './Uploads/2024_1_17_638410793331870061_samsung-galaxy-s24-ultra-tim-1.png', 22),
(51, 30, 23, 40, 33, './Uploads/2024_1_17_638410793331870061_samsung-galaxy-s24-ultra-tim-1.png', 22),
(52, 31, 25, 41, 37, './Uploads/2023_9_20_638307989548944936_iphone-15-promax-xanh-1.jpg', 21),
(53, 31, 24, 41, 36, './Uploads/2023_9_20_638307989548944936_iphone-15-promax-xanh-1.jpg', 11),
(54, 31, 26, 41, 33, './Uploads/2023_9_20_638307989548944936_iphone-15-promax-xanh-1.jpg', 8),
(55, 31, 25, 42, 37, './Uploads/2023_9_20_638307992305419305_iphone-15-promax-xanh-vang-1.jpg', 12),
(56, 31, 24, 42, 36, './Uploads/2023_9_20_638307992305419305_iphone-15-promax-xanh-vang-1.jpg', 12),
(57, 31, 26, 42, 33, './Uploads/2023_9_20_638307992305419305_iphone-15-promax-xanh-vang-1.jpg', 9),
(58, 31, 25, 43, 37, './Uploads/2023_9_20_638307982103040290_iphone-15-promax-trang-1.jpg', 7),
(59, 31, 24, 43, 36, './Uploads/2023_9_20_638307982103040290_iphone-15-promax-trang-1.jpg', 11),
(60, 31, 26, 43, 33, './Uploads/2023_9_20_638307982103040290_iphone-15-promax-trang-1.jpg', 9),
(66, 33, 28, 45, 39, './Uploads/xam.webp', 20),
(67, 33, 29, 45, 40, './Uploads/xam.webp', 20),
(68, 33, 30, 45, 41, './Uploads/xam.webp', 20),
(69, 33, 28, 46, 39, './Uploads/xanh.webp', 20),
(70, 33, 29, 46, 40, './Uploads/xanh.webp', 20),
(71, 33, 30, 46, 41, './Uploads/xanh.webp', 20),
(72, 33, 28, 47, 39, './Uploads/den.jpg', 20),
(73, 33, 29, 47, 40, './Uploads/den.jpg', 20),
(74, 33, 30, 47, 41, './Uploads/den.jpg', 20);

-- --------------------------------------------------------

--
-- Table structure for table `users`
--

CREATE TABLE `users` (
  `id_taikhoan` int NOT NULL,
  `username` varchar(255) NOT NULL,
  `password` varchar(255) NOT NULL,
  `Avartar` varchar(255) NOT NULL,
  `Sdt` varchar(20) NOT NULL,
  `Diachi_lienhe` varchar(255) NOT NULL,
  `Email` varchar(255) NOT NULL,
  `Role` tinyint NOT NULL DEFAULT '0'
) ENGINE=InnoDB DEFAULT CHARSET=utf8mb4 COLLATE=utf8mb4_0900_ai_ci;

--
-- Indexes for dumped tables
--

--
-- Indexes for table `binh_luan`
--
ALTER TABLE `binh_luan`
  ADD PRIMARY KEY (`id_binhluan`),
  ADD KEY `lk_bl_sp` (`ma_sp`),
  ADD KEY `lk_bl_tk` (`ma_taikhoan`);

--
-- Indexes for table `danhmuc`
--
ALTER TABLE `danhmuc`
  ADD PRIMARY KEY (`ma_danhmuc`);

--
-- Indexes for table `danhmuc_con`
--
ALTER TABLE `danhmuc_con`
  ADD PRIMARY KEY (`id_danhmuc_con`),
  ADD KEY `LK_DMC_DMM` (`ma_danhmuc_me`);

--
-- Indexes for table `donhang_chitiet`
--
ALTER TABLE `donhang_chitiet`
  ADD PRIMARY KEY (`id_donhang_chitiet`),
  ADD KEY `lk_dhct_dh` (`id_donhang`),
  ADD KEY `lk_dhct_sp` (`id_sanpham`);

--
-- Indexes for table `don_hang`
--
ALTER TABLE `don_hang`
  ADD PRIMARY KEY (`id_donhang`),
  ADD KEY `lk_donhang_khachhang` (`id_khachhang`);

--
-- Indexes for table `dungluong_sanpham`
--
ALTER TABLE `dungluong_sanpham`
  ADD PRIMARY KEY (`id_dungluong`),
  ADD KEY `lk_dungluong_sp` (`ma_sanpham`);

--
-- Indexes for table `gia_sanpham`
--
ALTER TABLE `gia_sanpham`
  ADD PRIMARY KEY (`id_price`),
  ADD KEY `lk_sp_price` (`id_sanpham`);

--
-- Indexes for table `mau_sp`
--
ALTER TABLE `mau_sp`
  ADD PRIMARY KEY (`id_mau`),
  ADD KEY `lk_mau_sp` (`id_sanpham`);

--
-- Indexes for table `sanpham`
--
ALTER TABLE `sanpham`
  ADD PRIMARY KEY (`ma_sp`),
  ADD KEY `lk_sanpham_danhmuc` (`ma_danhmuc`),
  ADD KEY `lk_sp_dmc` (`ma_danhmuc_con`);

--
-- Indexes for table `sanpham_chitiet`
--
ALTER TABLE `sanpham_chitiet`
  ADD PRIMARY KEY (`id_sp_chitiet`),
  ADD KEY `lk_spct_dungluong` (`id_dungluong_sp`),
  ADD KEY `lk_spct_mau` (`id_mausp`),
  ADD KEY `lk_spct_price` (`id_price`),
  ADD KEY `lk_spct_sp` (`id_sanpham`);

--
-- Indexes for table `users`
--
ALTER TABLE `users`
  ADD PRIMARY KEY (`id_taikhoan`);

--
-- AUTO_INCREMENT for dumped tables
--

--
-- AUTO_INCREMENT for table `binh_luan`
--
ALTER TABLE `binh_luan`
  MODIFY `id_binhluan` int NOT NULL AUTO_INCREMENT;

--
-- AUTO_INCREMENT for table `danhmuc`
--
ALTER TABLE `danhmuc`
  MODIFY `ma_danhmuc` int NOT NULL AUTO_INCREMENT, AUTO_INCREMENT=21;

--
-- AUTO_INCREMENT for table `danhmuc_con`
--
ALTER TABLE `danhmuc_con`
  MODIFY `id_danhmuc_con` int NOT NULL AUTO_INCREMENT, AUTO_INCREMENT=57;

--
-- AUTO_INCREMENT for table `donhang_chitiet`
--
ALTER TABLE `donhang_chitiet`
  MODIFY `id_donhang_chitiet` int NOT NULL AUTO_INCREMENT;

--
-- AUTO_INCREMENT for table `don_hang`
--
ALTER TABLE `don_hang`
  MODIFY `id_donhang` int NOT NULL AUTO_INCREMENT;

--
-- AUTO_INCREMENT for table `dungluong_sanpham`
--
ALTER TABLE `dungluong_sanpham`
  MODIFY `id_dungluong` int NOT NULL AUTO_INCREMENT, AUTO_INCREMENT=42;

--
-- AUTO_INCREMENT for table `gia_sanpham`
--
ALTER TABLE `gia_sanpham`
  MODIFY `id_price` int NOT NULL AUTO_INCREMENT, AUTO_INCREMENT=31;

--
-- AUTO_INCREMENT for table `mau_sp`
--
ALTER TABLE `mau_sp`
  MODIFY `id_mau` int NOT NULL AUTO_INCREMENT, AUTO_INCREMENT=48;

--
-- AUTO_INCREMENT for table `sanpham`
--
ALTER TABLE `sanpham`
  MODIFY `ma_sp` int NOT NULL AUTO_INCREMENT, AUTO_INCREMENT=34;

--
-- AUTO_INCREMENT for table `sanpham_chitiet`
--
ALTER TABLE `sanpham_chitiet`
  MODIFY `id_sp_chitiet` int NOT NULL AUTO_INCREMENT, AUTO_INCREMENT=75;

--
-- AUTO_INCREMENT for table `users`
--
ALTER TABLE `users`
  MODIFY `id_taikhoan` int NOT NULL AUTO_INCREMENT;

--
-- Constraints for dumped tables
--

--
-- Constraints for table `binh_luan`
--
ALTER TABLE `binh_luan`
  ADD CONSTRAINT `lk_bl_sp` FOREIGN KEY (`ma_sp`) REFERENCES `sanpham` (`ma_sp`) ON DELETE RESTRICT ON UPDATE RESTRICT,
  ADD CONSTRAINT `lk_bl_tk` FOREIGN KEY (`ma_taikhoan`) REFERENCES `users` (`id_taikhoan`) ON DELETE RESTRICT ON UPDATE RESTRICT;

--
-- Constraints for table `danhmuc_con`
--
ALTER TABLE `danhmuc_con`
  ADD CONSTRAINT `LK_DMC_DMM` FOREIGN KEY (`ma_danhmuc_me`) REFERENCES `danhmuc` (`ma_danhmuc`) ON DELETE RESTRICT ON UPDATE RESTRICT;

--
-- Constraints for table `donhang_chitiet`
--
ALTER TABLE `donhang_chitiet`
  ADD CONSTRAINT `lk_dhct_dh` FOREIGN KEY (`id_donhang`) REFERENCES `don_hang` (`id_donhang`) ON DELETE RESTRICT ON UPDATE RESTRICT,
  ADD CONSTRAINT `lk_dhct_sp` FOREIGN KEY (`id_sanpham`) REFERENCES `sanpham` (`ma_sp`) ON DELETE RESTRICT ON UPDATE RESTRICT;

--
-- Constraints for table `don_hang`
--
ALTER TABLE `don_hang`
  ADD CONSTRAINT `lk_donhang_khachhang` FOREIGN KEY (`id_khachhang`) REFERENCES `users` (`id_taikhoan`) ON DELETE RESTRICT ON UPDATE RESTRICT;

--
-- Constraints for table `dungluong_sanpham`
--
ALTER TABLE `dungluong_sanpham`
  ADD CONSTRAINT `lk_dungluong_sp` FOREIGN KEY (`ma_sanpham`) REFERENCES `sanpham` (`ma_sp`) ON DELETE CASCADE ON UPDATE RESTRICT;

--
-- Constraints for table `gia_sanpham`
--
ALTER TABLE `gia_sanpham`
  ADD CONSTRAINT `lk_sp_price` FOREIGN KEY (`id_sanpham`) REFERENCES `sanpham` (`ma_sp`) ON DELETE CASCADE ON UPDATE RESTRICT;

--
-- Constraints for table `mau_sp`
--
ALTER TABLE `mau_sp`
  ADD CONSTRAINT `lk_mau_sp` FOREIGN KEY (`id_sanpham`) REFERENCES `sanpham` (`ma_sp`) ON DELETE CASCADE ON UPDATE RESTRICT;

--
-- Constraints for table `sanpham`
--
ALTER TABLE `sanpham`
  ADD CONSTRAINT `lk_sanpham_danhmuc` FOREIGN KEY (`ma_danhmuc`) REFERENCES `danhmuc` (`ma_danhmuc`) ON DELETE CASCADE ON UPDATE CASCADE,
  ADD CONSTRAINT `lk_sp_dmc` FOREIGN KEY (`ma_danhmuc_con`) REFERENCES `danhmuc_con` (`id_danhmuc_con`) ON DELETE CASCADE ON UPDATE CASCADE;

--
-- Constraints for table `sanpham_chitiet`
--
ALTER TABLE `sanpham_chitiet`
  ADD CONSTRAINT `lk_spct_dungluong` FOREIGN KEY (`id_dungluong_sp`) REFERENCES `dungluong_sanpham` (`id_dungluong`) ON DELETE CASCADE ON UPDATE RESTRICT,
  ADD CONSTRAINT `lk_spct_mau` FOREIGN KEY (`id_mausp`) REFERENCES `mau_sp` (`id_mau`) ON DELETE CASCADE ON UPDATE RESTRICT,
  ADD CONSTRAINT `lk_spct_price` FOREIGN KEY (`id_price`) REFERENCES `gia_sanpham` (`id_price`) ON DELETE CASCADE ON UPDATE RESTRICT,
  ADD CONSTRAINT `lk_spct_sp` FOREIGN KEY (`id_sanpham`) REFERENCES `sanpham` (`ma_sp`) ON DELETE CASCADE ON UPDATE RESTRICT;
COMMIT;

/*!40101 SET CHARACTER_SET_CLIENT=@OLD_CHARACTER_SET_CLIENT */;
/*!40101 SET CHARACTER_SET_RESULTS=@OLD_CHARACTER_SET_RESULTS */;
/*!40101 SET COLLATION_CONNECTION=@OLD_COLLATION_CONNECTION */;
